{
  "latest_date": "2026-03-06",
  "latest_values": {
    "Shanghai_Composite_Index": 4124.19384765625,
    "CSI_300_Index": 4660.43896484375,
    "Shenzhen_Component_Index": 14172.626953125,
    "ALUMINUM_future": 3375.25,
    "BTC_price": 68551.0703125,
    "OIL_price": 89.27999877929688,
    "USD_CNY_exchange_rate": 6.895999908447266,
    "Commodity_Index_ETF": 27.401399612426758,
    "US_Dollar_Index": 98.97000122070312,
    "ETH_price": 1974.61279296875,
    "GOLD_spot_price": 5149.39990234375,
    "LEAN_HOGS_future": 96.1500015258789,
    "COPPER_future": 5.821000099182129,
    "High_Yield_Bond_ETF": 79.95999908447266,
    "LIVE_CATTLE_future": 237.8000030517578,
    "GOLD_near_month_future": 5150.0,
    "NATURAL_GAS_future": 3.140000104904175,
    "PLATINUM_future": 2133.699951171875,
    "SILVER_future": 84.5999984741211,
    "Long_Term_Treasury_ETF": 88.51360321044922,
    "CORN_future": 456.25,
    "SOYBEANS_future": 1193.25,
    "WHEAT_future": 602.5,
    "SP500_close": 6768.27978515625,
    "NASDAQ_close": 22590.935546875,
    "US_10Y_Treasury_Yield": 4.1479997634887695,
    "VIX_close": 26.100000381469727,
    "GOLD_basis_spot_vs_near": -0.60009765625,
    "China_10Y_Treasury_Yield": 1.781
  }
}