{
  "latest_date": "2026-03-09",
  "latest_values": {
    "Shanghai_Composite_Index": 4124.19384765625,
    "CSI_300_Index": 4660.43994140625,
    "Shenzhen_Component_Index": 14172.6298828125,
    "ALUMINUM_future": 3331.75,
    "BTC_price": 68251.1953125,
    "OIL_price": 101.97000122070312,
    "USD_CNY_exchange_rate": 6.915999889373779,
    "Commodity_Index_ETF": 27.510000228881836,
    "US_Dollar_Index": 99.33100128173828,
    "ETH_price": 2003.2515869140625,
    "GOLD_spot_price": 5101.89990234375,
    "LEAN_HOGS_future": 87.19999694824219,
    "COPPER_future": 5.765500068664551,
    "High_Yield_Bond_ETF": 79.69000244140625,
    "LIVE_CATTLE_future": 228.4499969482422,
    "GOLD_near_month_future": 5101.2001953125,
    "NATURAL_GAS_future": 3.3469998836517334,
    "PLATINUM_future": 2146.89990234375,
    "SILVER_future": 84.1449966430664,
    "Long_Term_Treasury_ETF": 88.45999908447266,
    "CORN_future": 464.75,
    "SOYBEANS_future": 1215.75,
    "WHEAT_future": 621.75,
    "SP500_close": 6740.02001953125,
    "NASDAQ_close": 22387.6796875,
    "US_10Y_Treasury_Yield": 4.175000190734863,
    "VIX_close": 31.760000228881836,
    "GOLD_basis_spot_vs_near": 0.69970703125,
    "China_10Y_Treasury_Yield": 1.8054
  }
}