{
  "latest_date": "2026-03-05",
  "latest_values": {
    "Shanghai_Composite_Index": 4108.56689453125,
    "CSI_300_Index": 4647.69189453125,
    "Shenzhen_Component_Index": 14088.8388671875,
    "ALUMINUM_future": 3189.5,
    "BTC_price": 70990.5703125,
    "OIL_price": 81.16000366210938,
    "USD_CNY_exchange_rate": 6.890699863433838,
    "Commodity_Index_ETF": 26.69499969482422,
    "US_Dollar_Index": 99.302001953125,
    "ETH_price": 2079.3974609375,
    "GOLD_spot_price": 5074.0,
    "LEAN_HOGS_future": 95.875,
    "COPPER_future": 5.794000148773193,
    "High_Yield_Bond_ETF": 80.02999877929688,
    "LIVE_CATTLE_future": 238.5749969482422,
    "GOLD_near_month_future": 5074.39990234375,
    "NATURAL_GAS_future": 3.007999897003174,
    "PLATINUM_future": 2114.0,
    "SILVER_future": 81.26000213623047,
    "Long_Term_Treasury_ETF": 88.7677993774414,
    "CORN_future": 453.5,
    "SOYBEANS_future": 1179.0,
    "WHEAT_future": 585.25,
    "SP500_close": 6781.47021484375,
    "NASDAQ_close": 22547.904296875,
    "US_10Y_Treasury_Yield": 4.1419997215271,
    "VIX_close": 25.270000457763672,
    "GOLD_basis_spot_vs_near": -0.39990234375,
    "China_10Y_Treasury_Yield": 1.7779
  }
}