{
  "latest_date": "2026-03-09",
  "latest_values": {
    "Shanghai_Composite_Index": 4124.19384765625,
    "CSI_300_Index": 4660.43994140625,
    "Shenzhen_Component_Index": 14172.6298828125,
    "ALUMINUM_future": 3345.75,
    "BTC_price": 67609.40625,
    "OIL_price": 103.3499984741211,
    "USD_CNY_exchange_rate": 6.915999889373779,
    "Commodity_Index_ETF": 27.510000228881836,
    "US_Dollar_Index": 99.28900146484375,
    "ETH_price": 1990.76318359375,
    "GOLD_spot_price": 5097.0,
    "LEAN_HOGS_future": 87.19999694824219,
    "COPPER_future": 5.751500129699707,
    "High_Yield_Bond_ETF": 79.69000244140625,
    "LIVE_CATTLE_future": 228.4499969482422,
    "GOLD_near_month_future": 5097.0,
    "NATURAL_GAS_future": 3.3310000896453857,
    "PLATINUM_future": 2104.0,
    "SILVER_future": 83.4749984741211,
    "Long_Term_Treasury_ETF": 88.45999908447266,
    "CORN_future": 467.5,
    "SOYBEANS_future": 1216.25,
    "WHEAT_future": 620.5,
    "SP500_close": 6740.02001953125,
    "NASDAQ_close": 22387.6796875,
    "US_10Y_Treasury_Yield": 4.132999897003174,
    "VIX_close": 32.09000015258789,
    "GOLD_basis_spot_vs_near": 0.0,
    "China_10Y_Treasury_Yield": 1.8054
  }
}