{
  "latest_date": "2026-03-10",
  "latest_values": {
    "Shanghai_Composite_Index": 4096.60302734375,
    "CSI_300_Index": 4615.4599609375,
    "Shenzhen_Component_Index": 14067.5,
    "ALUMINUM_future": 3295.5,
    "BTC_price": 69906.546875,
    "OIL_price": 89.66000366210938,
    "USD_CNY_exchange_rate": 6.880099773406982,
    "Commodity_Index_ETF": 27.139999389648438,
    "US_Dollar_Index": 98.71700286865234,
    "ETH_price": 2043.066650390625,
    "GOLD_spot_price": 5185.2001953125,
    "LEAN_HOGS_future": 94.82499694824219,
    "COPPER_future": 5.913000106811523,
    "High_Yield_Bond_ETF": 80.16999816894531,
    "LIVE_CATTLE_future": 230.125,
    "GOLD_near_month_future": 5185.0,
    "NATURAL_GAS_future": 3.0999999046325684,
    "PLATINUM_future": 2190.5,
    "SILVER_future": 89.3949966430664,
    "Long_Term_Treasury_ETF": 89.2300033569336,
    "CORN_future": 448.75,
    "SOYBEANS_future": 1190.25,
    "WHEAT_future": 592.75,
    "SP500_close": 6795.990234375,
    "NASDAQ_close": 22695.94921875,
    "US_10Y_Treasury_Yield": 4.136000156402588,
    "VIX_close": 25.5,
    "GOLD_basis_spot_vs_near": 0.2001953125,
    "China_10Y_Treasury_Yield": 1.8054
  }
}