{
  "latest_date": "2026-03-06",
  "latest_values": {
    "Shanghai_Composite_Index": 4108.56689453125,
    "CSI_300_Index": 4647.68994140625,
    "Shenzhen_Component_Index": 14088.83984375,
    "ALUMINUM_future": 3281.0,
    "BTC_price": 70525.8359375,
    "OIL_price": 84.37999725341797,
    "USD_CNY_exchange_rate": 6.904099941253662,
    "Commodity_Index_ETF": 26.520000457763672,
    "US_Dollar_Index": 99.22599792480469,
    "ETH_price": 2064.778564453125,
    "GOLD_spot_price": 5104.0,
    "LEAN_HOGS_future": 86.92500305175781,
    "COPPER_future": 5.820499897003174,
    "High_Yield_Bond_ETF": 80.08000183105469,
    "LIVE_CATTLE_future": 232.85000610351562,
    "GOLD_near_month_future": 5104.39990234375,
    "NATURAL_GAS_future": 3.046999931335449,
    "PLATINUM_future": 2148.60009765625,
    "SILVER_future": 83.33499908447266,
    "Long_Term_Treasury_ETF": 88.79000091552734,
    "CORN_future": 456.0,
    "SOYBEANS_future": 1187.0,
    "WHEAT_future": 594.5,
    "SP500_close": 6830.7099609375,
    "NASDAQ_close": 22748.990234375,
    "US_10Y_Treasury_Yield": 4.145999908447266,
    "VIX_close": 24.559999465942383,
    "GOLD_basis_spot_vs_near": -0.39990234375,
    "China_10Y_Treasury_Yield": 1.781
  }
}