{
  "latest_date": "2026-03-10",
  "latest_values": {
    "Shanghai_Composite_Index": 4096.60302734375,
    "CSI_300_Index": 4615.4599609375,
    "Shenzhen_Component_Index": 14067.5,
    "ALUMINUM_future": 3274.0,
    "BTC_price": 71015.6640625,
    "OIL_price": 86.2699966430664,
    "USD_CNY_exchange_rate": 6.871500015258789,
    "Commodity_Index_ETF": 27.139999389648438,
    "US_Dollar_Index": 98.58699798583984,
    "ETH_price": 2066.76611328125,
    "GOLD_spot_price": 5193.2001953125,
    "LEAN_HOGS_future": 86.5,
    "COPPER_future": 5.951499938964844,
    "High_Yield_Bond_ETF": 80.16999816894531,
    "LIVE_CATTLE_future": 225.22500610351562,
    "GOLD_near_month_future": 5193.5,
    "NATURAL_GAS_future": 3.059000015258789,
    "PLATINUM_future": 2241.800048828125,
    "SILVER_future": 89.7300033569336,
    "Long_Term_Treasury_ETF": 89.2300033569336,
    "CORN_future": 448.75,
    "SOYBEANS_future": 1189.5,
    "WHEAT_future": 591.75,
    "SP500_close": 6795.990234375,
    "NASDAQ_close": 22695.94921875,
    "US_10Y_Treasury_Yield": 4.136000156402588,
    "VIX_close": 23.440000534057617,
    "GOLD_basis_spot_vs_near": -0.2998046875,
    "China_10Y_Treasury_Yield": 1.8054
  }
}