{
  "latest_date": "2026-03-10",
  "latest_values": {
    "Shanghai_Composite_Index": 4096.60302734375,
    "CSI_300_Index": 4615.4599609375,
    "Shenzhen_Component_Index": 14067.5,
    "ALUMINUM_future": 3289.0,
    "BTC_price": 70616.515625,
    "OIL_price": 87.77999877929688,
    "USD_CNY_exchange_rate": 6.873000144958496,
    "Commodity_Index_ETF": 27.139999389648438,
    "US_Dollar_Index": 98.6520004272461,
    "ETH_price": 2064.217041015625,
    "GOLD_spot_price": 5191.0,
    "LEAN_HOGS_future": 86.5,
    "COPPER_future": 5.909999847412109,
    "High_Yield_Bond_ETF": 80.16999816894531,
    "LIVE_CATTLE_future": 225.22500610351562,
    "GOLD_near_month_future": 5191.0,
    "NATURAL_GAS_future": 3.125,
    "PLATINUM_future": 2210.60009765625,
    "SILVER_future": 88.61000061035156,
    "Long_Term_Treasury_ETF": 89.2300033569336,
    "CORN_future": 450.0,
    "SOYBEANS_future": 1194.75,
    "WHEAT_future": 596.75,
    "SP500_close": 6795.990234375,
    "NASDAQ_close": 22695.94921875,
    "US_10Y_Treasury_Yield": 4.136000156402588,
    "VIX_close": 24.610000610351562,
    "GOLD_basis_spot_vs_near": 0.0,
    "China_10Y_Treasury_Yield": 1.8055
  }
}