{
  "latest_date": "2026-03-06",
  "latest_values": {
    "Shanghai_Composite_Index": 4108.56689453125,
    "CSI_300_Index": 4647.68994140625,
    "Shenzhen_Component_Index": 14088.83984375,
    "ALUMINUM_future": 3235.75,
    "BTC_price": 71240.2890625,
    "OIL_price": 79.38999938964844,
    "USD_CNY_exchange_rate": 6.902299880981445,
    "Commodity_Index_ETF": 26.520000457763672,
    "US_Dollar_Index": 98.96499633789062,
    "ETH_price": 2087.326416015625,
    "GOLD_spot_price": 5138.5,
    "LEAN_HOGS_future": 95.875,
    "COPPER_future": 5.857999801635742,
    "High_Yield_Bond_ETF": 80.08000183105469,
    "LIVE_CATTLE_future": 238.5749969482422,
    "GOLD_near_month_future": 5138.60009765625,
    "NATURAL_GAS_future": 2.990000009536743,
    "PLATINUM_future": 2150.0,
    "SILVER_future": 84.04499816894531,
    "Long_Term_Treasury_ETF": 88.79000091552734,
    "CORN_future": 453.5,
    "SOYBEANS_future": 1182.5,
    "WHEAT_future": 584.25,
    "SP500_close": 6830.7099609375,
    "NASDAQ_close": 22748.986328125,
    "US_10Y_Treasury_Yield": 4.145999908447266,
    "VIX_close": 23.75,
    "GOLD_basis_spot_vs_near": -0.10009765625,
    "China_10Y_Treasury_Yield": 1.7779
  }
}