{
  "latest_date": "2026-03-10",
  "latest_values": {
    "Shanghai_Composite_Index": 4123.13818359375,
    "CSI_300_Index": 4674.75634765625,
    "Shenzhen_Component_Index": 14354.0732421875,
    "ALUMINUM_future": 3341.75,
    "BTC_price": 70862.4140625,
    "OIL_price": 80.48999786376953,
    "USD_CNY_exchange_rate": 6.876100063323975,
    "Commodity_Index_ETF": 26.950000762939453,
    "US_Dollar_Index": 98.65299987792969,
    "ETH_price": 2071.255859375,
    "GOLD_spot_price": 5239.89990234375,
    "LEAN_HOGS_future": 87.125,
    "COPPER_future": 5.956999778747559,
    "High_Yield_Bond_ETF": 80.32499694824219,
    "LIVE_CATTLE_future": 227.4499969482422,
    "GOLD_near_month_future": 5240.0,
    "NATURAL_GAS_future": 2.9749999046325684,
    "PLATINUM_future": 2234.10009765625,
    "SILVER_future": 89.51499938964844,
    "Long_Term_Treasury_ETF": 88.66500091552734,
    "CORN_future": 449.75,
    "SOYBEANS_future": 1199.0,
    "WHEAT_future": 588.0,
    "SP500_close": 6831.68994140625,
    "NASDAQ_close": 22860.95703125,
    "US_10Y_Treasury_Yield": 4.125,
    "VIX_close": 22.610000610351562,
    "GOLD_basis_spot_vs_near": -0.10009765625,
    "China_10Y_Treasury_Yield": 1.8055
  }
}