{
  "latest_date": "2026-03-05",
  "latest_values": {
    "Shanghai_Composite_Index": 4082.47412109375,
    "CSI_300_Index": 4602.6298828125,
    "Shenzhen_Component_Index": 13917.75,
    "ALUMINUM_future": 3300.75,
    "BTC_price": 72578.1484375,
    "OIL_price": 76.20999908447266,
    "USD_CNY_exchange_rate": 6.889200210571289,
    "Commodity_Index_ETF": 26.139999389648438,
    "US_Dollar_Index": 98.93099975585938,
    "ETH_price": 2125.944580078125,
    "GOLD_spot_price": 5171.10009765625,
    "LEAN_HOGS_future": 86.5999984741211,
    "COPPER_future": 5.852499961853027,
    "High_Yield_Bond_ETF": 80.4000015258789,
    "LIVE_CATTLE_future": 232.6750030517578,
    "GOLD_near_month_future": 5171.2001953125,
    "NATURAL_GAS_future": 2.9539999961853027,
    "PLATINUM_future": 2186.0,
    "SILVER_future": 84.30999755859375,
    "Long_Term_Treasury_ETF": 89.1500015258789,
    "CORN_future": 445.25,
    "SOYBEANS_future": 1173.25,
    "WHEAT_future": 573.75,
    "SP500_close": 6869.5,
    "NASDAQ_close": 22807.48046875,
    "US_10Y_Treasury_Yield": 4.079999923706055,
    "VIX_close": 21.239999771118164,
    "GOLD_basis_spot_vs_near": -0.10009765625,
    "China_10Y_Treasury_Yield": 1.7768
  }
}