{
  "latest_date": "2026-03-05",
  "latest_values": {
    "Shanghai_Composite_Index": 4108.56689453125,
    "CSI_300_Index": 4647.69189453125,
    "Shenzhen_Component_Index": 14088.8388671875,
    "ALUMINUM_future": 3190.75,
    "BTC_price": 71219.5859375,
    "OIL_price": 79.8499984741211,
    "USD_CNY_exchange_rate": 6.890699863433838,
    "Commodity_Index_ETF": 26.58930015563965,
    "US_Dollar_Index": 99.02899932861328,
    "ETH_price": 2089.80224609375,
    "GOLD_spot_price": 5090.7001953125,
    "LEAN_HOGS_future": 95.875,
    "COPPER_future": 5.826499938964844,
    "High_Yield_Bond_ETF": 80.13500213623047,
    "LIVE_CATTLE_future": 238.5749969482422,
    "GOLD_near_month_future": 5090.2998046875,
    "NATURAL_GAS_future": 2.990999937057495,
    "PLATINUM_future": 2126.10009765625,
    "SILVER_future": 82.1050033569336,
    "Long_Term_Treasury_ETF": 88.83000183105469,
    "CORN_future": 453.5,
    "SOYBEANS_future": 1179.0,
    "WHEAT_future": 585.25,
    "SP500_close": 6815.02001953125,
    "NASDAQ_close": 22678.1015625,
    "US_10Y_Treasury_Yield": 4.145999908447266,
    "VIX_close": 23.75,
    "GOLD_basis_spot_vs_near": 0.400390625,
    "China_10Y_Treasury_Yield": 1.7779
  }
}