{
  "latest_date": "2026-03-06",
  "latest_values": {
    "Shanghai_Composite_Index": 4108.56689453125,
    "CSI_300_Index": 4647.68994140625,
    "Shenzhen_Component_Index": 14088.83984375,
    "ALUMINUM_future": 3282.25,
    "BTC_price": 68627.359375,
    "OIL_price": 88.12999725341797,
    "USD_CNY_exchange_rate": 6.905900001525879,
    "Commodity_Index_ETF": 27.350000381469727,
    "US_Dollar_Index": 99.28800201416016,
    "ETH_price": 1991.0657958984375,
    "GOLD_spot_price": 5118.89990234375,
    "LEAN_HOGS_future": 86.9749984741211,
    "COPPER_future": 5.798500061035156,
    "High_Yield_Bond_ETF": 79.68000030517578,
    "LIVE_CATTLE_future": 230.8249969482422,
    "GOLD_near_month_future": 5119.0,
    "NATURAL_GAS_future": 3.1029999256134033,
    "PLATINUM_future": 2120.5,
    "SILVER_future": 83.31999969482422,
    "Long_Term_Treasury_ETF": 88.15740203857422,
    "CORN_future": 459.75,
    "SOYBEANS_future": 1196.0,
    "WHEAT_future": 606.25,
    "SP500_close": 6725.77978515625,
    "NASDAQ_close": 22428.98828125,
    "US_10Y_Treasury_Yield": 4.181000232696533,
    "VIX_close": 27.690000534057617,
    "GOLD_basis_spot_vs_near": -0.10009765625,
    "China_10Y_Treasury_Yield": 1.781
  }
}