{
  "latest_date": "2026-03-11",
  "latest_values": {
    "Shanghai_Composite_Index": 4133.43310546875,
    "CSI_300_Index": 4704.49609375,
    "Shenzhen_Component_Index": 14465.41015625,
    "ALUMINUM_future": 3414.0,
    "BTC_price": 70551.5625,
    "OIL_price": 89.66999816894531,
    "USD_CNY_exchange_rate": 6.864999771118164,
    "Commodity_Index_ETF": 28.1299991607666,
    "US_Dollar_Index": 99.2509994506836,
    "ETH_price": 2069.18798828125,
    "GOLD_spot_price": 5182.7998046875,
    "LEAN_HOGS_future": 95.19999694824219,
    "COPPER_future": 5.9054999351501465,
    "High_Yield_Bond_ETF": 79.86000061035156,
    "LIVE_CATTLE_future": 230.14999389648438,
    "GOLD_near_month_future": 5182.0,
    "NATURAL_GAS_future": 3.2139999866485596,
    "PLATINUM_future": 2170.60009765625,
    "SILVER_future": 85.6449966430664,
    "Long_Term_Treasury_ETF": 87.13999938964844,
    "CORN_future": 460.5,
    "SOYBEANS_future": 1214.25,
    "WHEAT_future": 596.25,
    "SP500_close": 6775.7998046875,
    "NASDAQ_close": 22716.134765625,
    "US_10Y_Treasury_Yield": 4.208000183105469,
    "VIX_close": 24.229999542236328,
    "GOLD_basis_spot_vs_near": 0.7998046875,
    "China_10Y_Treasury_Yield": 1.8075
  }
}