{
  "latest_date": "2026-03-10",
  "latest_values": {
    "Shanghai_Composite_Index": 4096.60302734375,
    "CSI_300_Index": 4615.4599609375,
    "Shenzhen_Component_Index": 14067.5,
    "ALUMINUM_future": 3261.75,
    "BTC_price": 69961.96875,
    "OIL_price": 88.55000305175781,
    "USD_CNY_exchange_rate": 6.884200096130371,
    "Commodity_Index_ETF": 27.139999389648438,
    "US_Dollar_Index": 98.85199737548828,
    "ETH_price": 2042.1824951171875,
    "GOLD_spot_price": 5179.7001953125,
    "LEAN_HOGS_future": 94.82499694824219,
    "COPPER_future": 5.898499965667725,
    "High_Yield_Bond_ETF": 80.16999816894531,
    "LIVE_CATTLE_future": 230.125,
    "GOLD_near_month_future": 5179.2001953125,
    "NATURAL_GAS_future": 3.1070001125335693,
    "PLATINUM_future": 2194.300048828125,
    "SILVER_future": 89.33999633789062,
    "Long_Term_Treasury_ETF": 89.2300033569336,
    "CORN_future": 449.75,
    "SOYBEANS_future": 1190.0,
    "WHEAT_future": 593.0,
    "SP500_close": 6795.990234375,
    "NASDAQ_close": 22695.94921875,
    "US_10Y_Treasury_Yield": 4.136000156402588,
    "VIX_close": 25.5,
    "GOLD_basis_spot_vs_near": 0.5,
    "China_10Y_Treasury_Yield": 1.8054
  }
}