{
  "latest_date": "2026-03-11",
  "latest_values": {
    "Shanghai_Composite_Index": 4123.13818359375,
    "CSI_300_Index": 4674.759765625,
    "Shenzhen_Component_Index": 14354.0703125,
    "ALUMINUM_future": 3358.75,
    "BTC_price": 69668.171875,
    "OIL_price": 85.12999725341797,
    "USD_CNY_exchange_rate": 6.869699954986572,
    "Commodity_Index_ETF": 27.600000381469727,
    "US_Dollar_Index": 98.9260025024414,
    "ETH_price": 2022.5145263671875,
    "GOLD_spot_price": 5190.10009765625,
    "LEAN_HOGS_future": 87.2249984741211,
    "COPPER_future": 5.85699987411499,
    "High_Yield_Bond_ETF": 80.04000091552734,
    "LIVE_CATTLE_future": 227.4250030517578,
    "GOLD_near_month_future": 5190.0,
    "NATURAL_GAS_future": 3.069999933242798,
    "PLATINUM_future": 2175.89990234375,
    "SILVER_future": 87.09500122070312,
    "Long_Term_Treasury_ETF": 88.27999877929688,
    "CORN_future": 455.0,
    "SOYBEANS_future": 1210.5,
    "WHEAT_future": 596.5,
    "SP500_close": 6781.47998046875,
    "NASDAQ_close": 22697.099609375,
    "US_10Y_Treasury_Yield": 4.136000156402588,
    "VIX_close": 25.139999389648438,
    "GOLD_basis_spot_vs_near": 0.10009765625,
    "China_10Y_Treasury_Yield": 1.8055
  }
}