{
  "latest_date": "2026-03-10",
  "latest_values": {
    "Shanghai_Composite_Index": 4096.60302734375,
    "CSI_300_Index": 4615.4599609375,
    "Shenzhen_Component_Index": 14067.5,
    "ALUMINUM_future": 3295.75,
    "BTC_price": 70363.6484375,
    "OIL_price": 87.16999816894531,
    "USD_CNY_exchange_rate": 6.873499870300293,
    "Commodity_Index_ETF": 27.139999389648438,
    "US_Dollar_Index": 98.63400268554688,
    "ETH_price": 2051.03662109375,
    "GOLD_spot_price": 5178.2001953125,
    "LEAN_HOGS_future": 94.82499694824219,
    "COPPER_future": 5.91949987411499,
    "High_Yield_Bond_ETF": 80.16999816894531,
    "LIVE_CATTLE_future": 230.125,
    "GOLD_near_month_future": 5178.2001953125,
    "NATURAL_GAS_future": 3.068000078201294,
    "PLATINUM_future": 2213.89990234375,
    "SILVER_future": 89.08999633789062,
    "Long_Term_Treasury_ETF": 89.2300033569336,
    "CORN_future": 449.75,
    "SOYBEANS_future": 1190.75,
    "WHEAT_future": 593.25,
    "SP500_close": 6795.990234375,
    "NASDAQ_close": 22695.94921875,
    "US_10Y_Treasury_Yield": 4.136000156402588,
    "VIX_close": 23.770000457763672,
    "GOLD_basis_spot_vs_near": 0.0,
    "China_10Y_Treasury_Yield": 1.8054
  }
}