{
  "latest_date": "2026-03-06",
  "latest_values": {
    "Shanghai_Composite_Index": 4108.56689453125,
    "CSI_300_Index": 4647.68994140625,
    "Shenzhen_Component_Index": 14088.83984375,
    "ALUMINUM_future": 3280.0,
    "BTC_price": 69998.7890625,
    "OIL_price": 86.55000305175781,
    "USD_CNY_exchange_rate": 6.904099941253662,
    "Commodity_Index_ETF": 26.520000457763672,
    "US_Dollar_Index": 99.3239974975586,
    "ETH_price": 2049.9228515625,
    "GOLD_spot_price": 5096.7001953125,
    "LEAN_HOGS_future": 86.92500305175781,
    "COPPER_future": 5.802000045776367,
    "High_Yield_Bond_ETF": 80.08000183105469,
    "LIVE_CATTLE_future": 232.85000610351562,
    "GOLD_near_month_future": 5096.2998046875,
    "NATURAL_GAS_future": 3.0880000591278076,
    "PLATINUM_future": 2130.5,
    "SILVER_future": 82.5999984741211,
    "Long_Term_Treasury_ETF": 88.79000091552734,
    "CORN_future": 458.25,
    "SOYBEANS_future": 1188.75,
    "WHEAT_future": 601.5,
    "SP500_close": 6830.7099609375,
    "NASDAQ_close": 22748.990234375,
    "US_10Y_Treasury_Yield": 4.145999908447266,
    "VIX_close": 26.149999618530273,
    "GOLD_basis_spot_vs_near": 0.400390625,
    "China_10Y_Treasury_Yield": 1.781
  }
}