{
  "latest_date": "2026-03-06",
  "latest_values": {
    "Shanghai_Composite_Index": 4108.56689453125,
    "CSI_300_Index": 4647.68994140625,
    "Shenzhen_Component_Index": 14088.83984375,
    "ALUMINUM_future": 3249.25,
    "BTC_price": 70903.9375,
    "OIL_price": 80.69999694824219,
    "USD_CNY_exchange_rate": 6.894599914550781,
    "Commodity_Index_ETF": 26.520000457763672,
    "US_Dollar_Index": 99.01799774169922,
    "ETH_price": 2082.214599609375,
    "GOLD_spot_price": 5120.10009765625,
    "LEAN_HOGS_future": 95.875,
    "COPPER_future": 5.851500034332275,
    "High_Yield_Bond_ETF": 80.08000183105469,
    "LIVE_CATTLE_future": 238.5749969482422,
    "GOLD_near_month_future": 5120.0,
    "NATURAL_GAS_future": 2.9600000381469727,
    "PLATINUM_future": 2152.300048828125,
    "SILVER_future": 84.4749984741211,
    "Long_Term_Treasury_ETF": 88.79000091552734,
    "CORN_future": 454.75,
    "SOYBEANS_future": 1185.25,
    "WHEAT_future": 588.0,
    "SP500_close": 6830.7099609375,
    "NASDAQ_close": 22748.990234375,
    "US_10Y_Treasury_Yield": 4.145999908447266,
    "VIX_close": 23.75,
    "GOLD_basis_spot_vs_near": 0.10009765625,
    "China_10Y_Treasury_Yield": 1.7779
  }
}