{
  "latest_date": "2026-03-11",
  "latest_values": {
    "Shanghai_Composite_Index": 4123.13818359375,
    "CSI_300_Index": 4674.759765625,
    "Shenzhen_Component_Index": 14354.0703125,
    "ALUMINUM_future": 3395.75,
    "BTC_price": 70002.53125,
    "OIL_price": 82.80999755859375,
    "USD_CNY_exchange_rate": 6.8632001876831055,
    "Commodity_Index_ETF": 27.600000381469727,
    "US_Dollar_Index": 98.76899719238281,
    "ETH_price": 2034.24365234375,
    "GOLD_spot_price": 5215.7001953125,
    "LEAN_HOGS_future": 96.2249984741211,
    "COPPER_future": 5.941999912261963,
    "High_Yield_Bond_ETF": 80.04000091552734,
    "LIVE_CATTLE_future": 227.4250030517578,
    "GOLD_near_month_future": 5215.39990234375,
    "NATURAL_GAS_future": 3.0399999618530273,
    "PLATINUM_future": 2210.0,
    "SILVER_future": 88.55999755859375,
    "Long_Term_Treasury_ETF": 88.27999877929688,
    "CORN_future": 452.75,
    "SOYBEANS_future": 1205.5,
    "WHEAT_future": 595.5,
    "SP500_close": 6781.47998046875,
    "NASDAQ_close": 22697.099609375,
    "US_10Y_Treasury_Yield": 4.136000156402588,
    "VIX_close": 24.93000030517578,
    "GOLD_basis_spot_vs_near": 0.30029296875,
    "China_10Y_Treasury_Yield": 1.8055
  }
}