{
  "latest_date": "2026-03-10",
  "latest_values": {
    "Shanghai_Composite_Index": 4123.13818359375,
    "CSI_300_Index": 4674.75634765625,
    "Shenzhen_Component_Index": 14354.0732421875,
    "ALUMINUM_future": 3330.5,
    "BTC_price": 70087.2421875,
    "OIL_price": 84.95999908447266,
    "USD_CNY_exchange_rate": 6.876100063323975,
    "Commodity_Index_ETF": 27.39389991760254,
    "US_Dollar_Index": 98.81099700927734,
    "ETH_price": 2040.6805419921875,
    "GOLD_spot_price": 5211.2001953125,
    "LEAN_HOGS_future": 87.2249984741211,
    "COPPER_future": 5.928999900817871,
    "High_Yield_Bond_ETF": 80.19989776611328,
    "LIVE_CATTLE_future": 227.4250030517578,
    "GOLD_near_month_future": 5210.7001953125,
    "NATURAL_GAS_future": 3.0380001068115234,
    "PLATINUM_future": 2209.699951171875,
    "SILVER_future": 88.54499816894531,
    "Long_Term_Treasury_ETF": 88.47010040283203,
    "CORN_future": 453.75,
    "SOYBEANS_future": 1203.25,
    "WHEAT_future": 593.0,
    "SP500_close": 6798.89013671875,
    "NASDAQ_close": 22739.888671875,
    "US_10Y_Treasury_Yield": 4.140000343322754,
    "VIX_close": 24.280000686645508,
    "GOLD_basis_spot_vs_near": 0.5,
    "China_10Y_Treasury_Yield": 1.8055
  }
}