{
  "latest_date": "2026-03-11",
  "latest_values": {
    "Shanghai_Composite_Index": 4133.43310546875,
    "CSI_300_Index": 4704.49609375,
    "Shenzhen_Component_Index": 14465.41015625,
    "ALUMINUM_future": 3406.25,
    "BTC_price": 70759.609375,
    "OIL_price": 87.77999877929688,
    "USD_CNY_exchange_rate": 6.864999771118164,
    "Commodity_Index_ETF": 28.014999389648438,
    "US_Dollar_Index": 99.23200225830078,
    "ETH_price": 2078.923095703125,
    "GOLD_spot_price": 5184.7001953125,
    "LEAN_HOGS_future": 95.19999694824219,
    "COPPER_future": 5.89300012588501,
    "High_Yield_Bond_ETF": 79.83499908447266,
    "LIVE_CATTLE_future": 230.14999389648438,
    "GOLD_near_month_future": 5184.5,
    "NATURAL_GAS_future": 3.203000068664551,
    "PLATINUM_future": 2180.5,
    "SILVER_future": 85.76499938964844,
    "Long_Term_Treasury_ETF": 87.30500030517578,
    "CORN_future": 460.5,
    "SOYBEANS_future": 1214.25,
    "WHEAT_future": 596.25,
    "SP500_close": 6762.66015625,
    "NASDAQ_close": 22671.30078125,
    "US_10Y_Treasury_Yield": 4.206000328063965,
    "VIX_close": 24.959999084472656,
    "GOLD_basis_spot_vs_near": 0.2001953125,
    "China_10Y_Treasury_Yield": 1.8075
  }
}