{
  "latest_date": "2026-03-06",
  "latest_values": {
    "Shanghai_Composite_Index": 4124.19384765625,
    "CSI_300_Index": 4660.43896484375,
    "Shenzhen_Component_Index": 14172.626953125,
    "ALUMINUM_future": 3370.0,
    "BTC_price": 68253.328125,
    "OIL_price": 91.2300033569336,
    "USD_CNY_exchange_rate": 6.895999908447266,
    "Commodity_Index_ETF": 27.540000915527344,
    "US_Dollar_Index": 98.95800018310547,
    "ETH_price": 1973.6265869140625,
    "GOLD_spot_price": 5173.60009765625,
    "LEAN_HOGS_future": 95.94999694824219,
    "COPPER_future": 5.814000129699707,
    "High_Yield_Bond_ETF": 79.93499755859375,
    "LIVE_CATTLE_future": 234.77499389648438,
    "GOLD_near_month_future": 5173.5,
    "NATURAL_GAS_future": 3.190999984741211,
    "PLATINUM_future": 2151.60009765625,
    "SILVER_future": 84.72000122070312,
    "Long_Term_Treasury_ETF": 88.79609680175781,
    "CORN_future": 459.5,
    "SOYBEANS_future": 1200.5,
    "WHEAT_future": 612.5,
    "SP500_close": 6755.85009765625,
    "NASDAQ_close": 22516.998046875,
    "US_10Y_Treasury_Yield": 4.111000061035156,
    "VIX_close": 26.760000228881836,
    "GOLD_basis_spot_vs_near": 0.10009765625,
    "China_10Y_Treasury_Yield": 1.781
  }
}