{
  "latest_date": "2026-03-05",
  "latest_values": {
    "Shanghai_Composite_Index": 4082.47412109375,
    "CSI_300_Index": 4602.6298828125,
    "Shenzhen_Component_Index": 13917.75,
    "ALUMINUM_future": 3237.75,
    "BTC_price": 72173.921875,
    "OIL_price": 77.83999633789062,
    "USD_CNY_exchange_rate": 6.890699863433838,
    "Commodity_Index_ETF": 26.370100021362305,
    "US_Dollar_Index": 99.12799835205078,
    "ETH_price": 2106.931396484375,
    "GOLD_spot_price": 5113.60009765625,
    "LEAN_HOGS_future": 86.9000015258789,
    "COPPER_future": 5.7895002365112305,
    "High_Yield_Bond_ETF": 80.25499725341797,
    "LIVE_CATTLE_future": 232.625,
    "GOLD_near_month_future": 5113.7001953125,
    "NATURAL_GAS_future": 2.946000099182129,
    "PLATINUM_future": 2138.39990234375,
    "SILVER_future": 82.55500030517578,
    "Long_Term_Treasury_ETF": 88.55000305175781,
    "CORN_future": 448.25,
    "SOYBEANS_future": 1169.0,
    "WHEAT_future": 575.5,
    "SP500_close": 6850.35009765625,
    "NASDAQ_close": 22795.30859375,
    "US_10Y_Treasury_Yield": 4.1419997215271,
    "VIX_close": 21.670000076293945,
    "GOLD_basis_spot_vs_near": -0.10009765625,
    "China_10Y_Treasury_Yield": 1.7779
  }
}