{
  "latest_date": "2026-03-11",
  "latest_values": {
    "Shanghai_Composite_Index": 4123.13818359375,
    "CSI_300_Index": 4674.759765625,
    "Shenzhen_Component_Index": 14354.0703125,
    "ALUMINUM_future": 3405.5,
    "BTC_price": 69567.9296875,
    "OIL_price": 86.5999984741211,
    "USD_CNY_exchange_rate": 6.872000217437744,
    "Commodity_Index_ETF": 27.600000381469727,
    "US_Dollar_Index": 98.94999694824219,
    "ETH_price": 2024.7197265625,
    "GOLD_spot_price": 5191.39990234375,
    "LEAN_HOGS_future": 87.2249984741211,
    "COPPER_future": 5.867499828338623,
    "High_Yield_Bond_ETF": 80.04000091552734,
    "LIVE_CATTLE_future": 227.4250030517578,
    "GOLD_near_month_future": 5191.39990234375,
    "NATURAL_GAS_future": 3.065000057220459,
    "PLATINUM_future": 2192.0,
    "SILVER_future": 86.91500091552734,
    "Long_Term_Treasury_ETF": 88.27999877929688,
    "CORN_future": 457.0,
    "SOYBEANS_future": 1214.75,
    "WHEAT_future": 597.5,
    "SP500_close": 6781.47998046875,
    "NASDAQ_close": 22697.099609375,
    "US_10Y_Treasury_Yield": 4.136000156402588,
    "VIX_close": 25.399999618530273,
    "GOLD_basis_spot_vs_near": 0.0,
    "China_10Y_Treasury_Yield": 1.8075
  }
}