{
  "latest_date": "2026-03-11",
  "latest_values": {
    "Shanghai_Composite_Index": 4133.43310546875,
    "CSI_300_Index": 4704.49609375,
    "Shenzhen_Component_Index": 14465.41015625,
    "ALUMINUM_future": 3414.0,
    "BTC_price": 70655.5703125,
    "OIL_price": 87.56999969482422,
    "USD_CNY_exchange_rate": 6.864999771118164,
    "Commodity_Index_ETF": 28.084999084472656,
    "US_Dollar_Index": 99.22599792480469,
    "ETH_price": 2073.365966796875,
    "GOLD_spot_price": 5186.0,
    "LEAN_HOGS_future": 95.19999694824219,
    "COPPER_future": 5.918000221252441,
    "High_Yield_Bond_ETF": 79.875,
    "LIVE_CATTLE_future": 230.14999389648438,
    "GOLD_near_month_future": 5186.0,
    "NATURAL_GAS_future": 3.2009999752044678,
    "PLATINUM_future": 2186.0,
    "SILVER_future": 85.95999908447266,
    "Long_Term_Treasury_ETF": 87.25650024414062,
    "CORN_future": 460.5,
    "SOYBEANS_future": 1214.25,
    "WHEAT_future": 596.25,
    "SP500_close": 6769.990234375,
    "NASDAQ_close": 22689.03125,
    "US_10Y_Treasury_Yield": 4.208000183105469,
    "VIX_close": 24.8700008392334,
    "GOLD_basis_spot_vs_near": 0.0,
    "China_10Y_Treasury_Yield": 1.8075
  }
}