{
  "latest_date": "2026-03-05",
  "latest_values": {
    "Shanghai_Composite_Index": 4082.47412109375,
    "CSI_300_Index": 4602.6298828125,
    "Shenzhen_Component_Index": 13917.75,
    "ALUMINUM_future": 3323.75,
    "BTC_price": 72014.96875,
    "OIL_price": 76.94999694824219,
    "USD_CNY_exchange_rate": 6.898600101470947,
    "Commodity_Index_ETF": 26.139999389648438,
    "US_Dollar_Index": 99.15399932861328,
    "ETH_price": 2102.9140625,
    "GOLD_spot_price": 5161.2998046875,
    "LEAN_HOGS_future": 97.125,
    "COPPER_future": 5.843500137329102,
    "High_Yield_Bond_ETF": 80.4000015258789,
    "LIVE_CATTLE_future": 238.52499389648438,
    "GOLD_near_month_future": 5161.0,
    "NATURAL_GAS_future": 2.9839999675750732,
    "PLATINUM_future": 2162.699951171875,
    "SILVER_future": 83.33999633789062,
    "Long_Term_Treasury_ETF": 89.1500015258789,
    "CORN_future": 445.25,
    "SOYBEANS_future": 1173.0,
    "WHEAT_future": 573.5,
    "SP500_close": 6869.5,
    "NASDAQ_close": 22807.48046875,
    "US_10Y_Treasury_Yield": 4.079999923706055,
    "VIX_close": 22.06999969482422,
    "GOLD_basis_spot_vs_near": 0.2998046875,
    "China_10Y_Treasury_Yield": 1.7768
  }
}