{
  "latest_date": "2026-03-09",
  "latest_values": {
    "Shanghai_Composite_Index": 4096.6025390625,
    "CSI_300_Index": 4615.455078125,
    "Shenzhen_Component_Index": 14067.5029296875,
    "ALUMINUM_future": 3324.0,
    "BTC_price": 68960.0625,
    "OIL_price": 94.80000305175781,
    "USD_CNY_exchange_rate": 6.906099796295166,
    "Commodity_Index_ETF": 28.020000457763672,
    "US_Dollar_Index": 99.06800079345703,
    "ETH_price": 2027.5145263671875,
    "GOLD_spot_price": 5114.5,
    "LEAN_HOGS_future": 94.94999694824219,
    "COPPER_future": 5.848499774932861,
    "High_Yield_Bond_ETF": 79.87000274658203,
    "LIVE_CATTLE_future": 230.4499969482422,
    "GOLD_near_month_future": 5114.7001953125,
    "NATURAL_GAS_future": 3.0929999351501465,
    "PLATINUM_future": 2162.800048828125,
    "SILVER_future": 84.94999694824219,
    "Long_Term_Treasury_ETF": 88.875,
    "CORN_future": 455.5,
    "SOYBEANS_future": 1195.25,
    "WHEAT_future": 604.5,
    "SP500_close": 6718.2001953125,
    "NASDAQ_close": 22394.00390625,
    "US_10Y_Treasury_Yield": 4.116999626159668,
    "VIX_close": 26.489999771118164,
    "GOLD_basis_spot_vs_near": -0.2001953125,
    "China_10Y_Treasury_Yield": 1.8054
  }
}