{
  "latest_date": "2026-03-05",
  "latest_values": {
    "Shanghai_Composite_Index": 4108.56689453125,
    "CSI_300_Index": 4647.69189453125,
    "Shenzhen_Component_Index": 14088.8388671875,
    "ALUMINUM_future": 3222.25,
    "BTC_price": 70944.515625,
    "OIL_price": 79.70999908447266,
    "USD_CNY_exchange_rate": 6.890699863433838,
    "Commodity_Index_ETF": 26.48509979248047,
    "US_Dollar_Index": 99.21299743652344,
    "ETH_price": 2062.552734375,
    "GOLD_spot_price": 5071.10009765625,
    "LEAN_HOGS_future": 95.5999984741211,
    "COPPER_future": 5.804999828338623,
    "High_Yield_Bond_ETF": 80.16000366210938,
    "LIVE_CATTLE_future": 238.5,
    "GOLD_near_month_future": 5071.2001953125,
    "NATURAL_GAS_future": 2.953000068664551,
    "PLATINUM_future": 2127.10009765625,
    "SILVER_future": 81.76000213623047,
    "Long_Term_Treasury_ETF": 88.80000305175781,
    "CORN_future": 451.75,
    "SOYBEANS_future": 1178.0,
    "WHEAT_future": 581.5,
    "SP500_close": 6788.580078125,
    "NASDAQ_close": 22574.236328125,
    "US_10Y_Treasury_Yield": 4.1419997215271,
    "VIX_close": 24.729999542236328,
    "GOLD_basis_spot_vs_near": -0.10009765625,
    "China_10Y_Treasury_Yield": 1.7779
  }
}