{
  "latest_date": "2026-03-06",
  "latest_values": {
    "Shanghai_Composite_Index": 4124.19384765625,
    "CSI_300_Index": 4660.43896484375,
    "Shenzhen_Component_Index": 14172.626953125,
    "ALUMINUM_future": 3370.0,
    "BTC_price": 68012.734375,
    "OIL_price": 91.23999786376953,
    "USD_CNY_exchange_rate": 6.895999908447266,
    "Commodity_Index_ETF": 27.594999313354492,
    "US_Dollar_Index": 99.0199966430664,
    "ETH_price": 1968.227294921875,
    "GOLD_spot_price": 5152.89990234375,
    "LEAN_HOGS_future": 95.82499694824219,
    "COPPER_future": 5.815999984741211,
    "High_Yield_Bond_ETF": 79.8550033569336,
    "LIVE_CATTLE_future": 236.52499389648438,
    "GOLD_near_month_future": 5152.60009765625,
    "NATURAL_GAS_future": 3.190999984741211,
    "PLATINUM_future": 2139.0,
    "SILVER_future": 84.09500122070312,
    "Long_Term_Treasury_ETF": 88.67500305175781,
    "CORN_future": 459.25,
    "SOYBEANS_future": 1196.25,
    "WHEAT_future": 611.75,
    "SP500_close": 6742.43994140625,
    "NASDAQ_close": 22475.994140625,
    "US_10Y_Treasury_Yield": 4.123000144958496,
    "VIX_close": 26.25,
    "GOLD_basis_spot_vs_near": 0.2998046875,
    "China_10Y_Treasury_Yield": 1.781
  }
}