{
  "latest_date": "2026-03-06",
  "latest_values": {
    "Shanghai_Composite_Index": 4108.56689453125,
    "CSI_300_Index": 4647.68994140625,
    "Shenzhen_Component_Index": 14088.83984375,
    "ALUMINUM_future": 3241.75,
    "BTC_price": 70469.140625,
    "OIL_price": 79.91000366210938,
    "USD_CNY_exchange_rate": 6.900700092315674,
    "Commodity_Index_ETF": 26.520000457763672,
    "US_Dollar_Index": 98.9520034790039,
    "ETH_price": 2066.01708984375,
    "GOLD_spot_price": 5137.39990234375,
    "LEAN_HOGS_future": 95.875,
    "COPPER_future": 5.865499973297119,
    "High_Yield_Bond_ETF": 80.08000183105469,
    "LIVE_CATTLE_future": 238.5749969482422,
    "GOLD_near_month_future": 5137.5,
    "NATURAL_GAS_future": 2.9749999046325684,
    "PLATINUM_future": 2158.60009765625,
    "SILVER_future": 84.43000030517578,
    "Long_Term_Treasury_ETF": 88.79000091552734,
    "CORN_future": 454.25,
    "SOYBEANS_future": 1182.0,
    "WHEAT_future": 585.75,
    "SP500_close": 6830.7099609375,
    "NASDAQ_close": 22748.990234375,
    "US_10Y_Treasury_Yield": 4.145999908447266,
    "VIX_close": 23.75,
    "GOLD_basis_spot_vs_near": -0.10009765625,
    "China_10Y_Treasury_Yield": 1.7779
  }
}