{
  "latest_date": "2026-03-11",
  "latest_values": {
    "Shanghai_Composite_Index": 4123.13818359375,
    "CSI_300_Index": 4674.759765625,
    "Shenzhen_Component_Index": 14354.0703125,
    "ALUMINUM_future": 3414.5,
    "BTC_price": 69552.4765625,
    "OIL_price": 85.95999908447266,
    "USD_CNY_exchange_rate": 6.872000217437744,
    "Commodity_Index_ETF": 27.600000381469727,
    "US_Dollar_Index": 98.95800018310547,
    "ETH_price": 2025.6898193359375,
    "GOLD_spot_price": 5187.60009765625,
    "LEAN_HOGS_future": 87.2249984741211,
    "COPPER_future": 5.852499961853027,
    "High_Yield_Bond_ETF": 80.04000091552734,
    "LIVE_CATTLE_future": 227.4250030517578,
    "GOLD_near_month_future": 5188.39990234375,
    "NATURAL_GAS_future": 3.065000057220459,
    "PLATINUM_future": 2185.10009765625,
    "SILVER_future": 86.7300033569336,
    "Long_Term_Treasury_ETF": 88.27999877929688,
    "CORN_future": 456.75,
    "SOYBEANS_future": 1216.0,
    "WHEAT_future": 597.5,
    "SP500_close": 6781.47998046875,
    "NASDAQ_close": 22697.099609375,
    "US_10Y_Treasury_Yield": 4.136000156402588,
    "VIX_close": 25.030000686645508,
    "GOLD_basis_spot_vs_near": -0.7998046875,
    "China_10Y_Treasury_Yield": 1.8075
  }
}