{
  "latest_date": "2026-03-10",
  "latest_values": {
    "Shanghai_Composite_Index": 4096.60302734375,
    "CSI_300_Index": 4615.4599609375,
    "Shenzhen_Component_Index": 14067.5,
    "ALUMINUM_future": 3345.0,
    "BTC_price": 70845.5625,
    "OIL_price": 83.80000305175781,
    "USD_CNY_exchange_rate": 6.876100063323975,
    "Commodity_Index_ETF": 27.2450008392334,
    "US_Dollar_Index": 98.61199951171875,
    "ETH_price": 2055.690185546875,
    "GOLD_spot_price": 5214.60009765625,
    "LEAN_HOGS_future": 96.0250015258789,
    "COPPER_future": 5.934999942779541,
    "High_Yield_Bond_ETF": 80.30000305175781,
    "LIVE_CATTLE_future": 232.375,
    "GOLD_near_month_future": 5213.7998046875,
    "NATURAL_GAS_future": 3.0269999504089355,
    "PLATINUM_future": 2226.5,
    "SILVER_future": 89.25,
    "Long_Term_Treasury_ETF": 88.82499694824219,
    "CORN_future": 448.25,
    "SOYBEANS_future": 1196.0,
    "WHEAT_future": 590.75,
    "SP500_close": 6819.22998046875,
    "NASDAQ_close": 22822.087890625,
    "US_10Y_Treasury_Yield": 4.11299991607666,
    "VIX_close": 23.229999542236328,
    "GOLD_basis_spot_vs_near": 0.80029296875,
    "China_10Y_Treasury_Yield": 1.8055
  }
}