{
  "latest_date": "2026-03-09",
  "latest_values": {
    "Shanghai_Composite_Index": 4124.19384765625,
    "CSI_300_Index": 4660.43994140625,
    "Shenzhen_Component_Index": 14172.6298828125,
    "ALUMINUM_future": 3338.5,
    "BTC_price": 69305.890625,
    "OIL_price": 99.93000030517578,
    "USD_CNY_exchange_rate": 6.91349983215332,
    "Commodity_Index_ETF": 28.360000610351562,
    "US_Dollar_Index": 99.20099639892578,
    "ETH_price": 2028.9520263671875,
    "GOLD_spot_price": 5113.89990234375,
    "LEAN_HOGS_future": 94.57499694824219,
    "COPPER_future": 5.785999774932861,
    "High_Yield_Bond_ETF": 79.76000213623047,
    "LIVE_CATTLE_future": 229.60000610351562,
    "GOLD_near_month_future": 5113.60009765625,
    "NATURAL_GAS_future": 3.2200000286102295,
    "PLATINUM_future": 2161.300048828125,
    "SILVER_future": 84.47000122070312,
    "Long_Term_Treasury_ETF": 88.51000213623047,
    "CORN_future": 463.25,
    "SOYBEANS_future": 1211.75,
    "WHEAT_future": 618.0,
    "SP500_close": 6687.759765625,
    "NASDAQ_close": 22278.21484375,
    "US_10Y_Treasury_Yield": 4.1579999923706055,
    "GOLD_basis_spot_vs_near": 0.2998046875,
    "China_10Y_Treasury_Yield": 1.8054
  }
}