{
  "latest_date": "2026-03-08",
  "latest_values": {
    "Shanghai_Composite_Index": 4124.19384765625,
    "CSI_300_Index": 4660.43994140625,
    "Shenzhen_Component_Index": 14172.6298828125,
    "ALUMINUM_future": 3379.75,
    "BTC_price": 65835.0625,
    "OIL_price": 105.66000366210938,
    "USD_CNY_exchange_rate": 6.895999908447266,
    "Commodity_Index_ETF": 27.510000228881836,
    "US_Dollar_Index": 99.40399932861328,
    "ETH_price": 1927.10595703125,
    "GOLD_spot_price": 5146.7001953125,
    "LEAN_HOGS_future": 95.625,
    "COPPER_future": 5.697000026702881,
    "High_Yield_Bond_ETF": 79.69000244140625,
    "LIVE_CATTLE_future": 234.5749969482422,
    "GOLD_near_month_future": 5146.39990234375,
    "NATURAL_GAS_future": 3.315999984741211,
    "PLATINUM_future": 2080.800048828125,
    "SILVER_future": 83.04000091552734,
    "Long_Term_Treasury_ETF": 88.45999908447266,
    "CORN_future": 460.5,
    "SOYBEANS_future": 1200.75,
    "WHEAT_future": 616.75,
    "SP500_close": 6740.02001953125,
    "NASDAQ_close": 22387.6796875,
    "US_10Y_Treasury_Yield": 4.132999897003174,
    "VIX_close": 29.489999771118164,
    "GOLD_basis_spot_vs_near": 0.30029296875,
    "China_10Y_Treasury_Yield": 1.781
  }
}