{
  "latest_date": "2026-03-09",
  "latest_values": {
    "Shanghai_Composite_Index": 4124.19384765625,
    "CSI_300_Index": 4660.43994140625,
    "Shenzhen_Component_Index": 14172.6298828125,
    "ALUMINUM_future": 3366.0,
    "BTC_price": 67817.5859375,
    "OIL_price": 103.6500015258789,
    "USD_CNY_exchange_rate": 6.9182000160217285,
    "Commodity_Index_ETF": 27.510000228881836,
    "US_Dollar_Index": 99.56099700927734,
    "ETH_price": 1994.72802734375,
    "GOLD_spot_price": 5100.89990234375,
    "LEAN_HOGS_future": 87.19999694824219,
    "COPPER_future": 5.749499797821045,
    "High_Yield_Bond_ETF": 79.69000244140625,
    "LIVE_CATTLE_future": 228.4499969482422,
    "GOLD_near_month_future": 5100.7998046875,
    "NATURAL_GAS_future": 3.371000051498413,
    "PLATINUM_future": 2109.39990234375,
    "SILVER_future": 83.67500305175781,
    "Long_Term_Treasury_ETF": 88.45999908447266,
    "CORN_future": 469.5,
    "SOYBEANS_future": 1219.5,
    "WHEAT_future": 625.5,
    "SP500_close": 6740.02001953125,
    "NASDAQ_close": 22387.6796875,
    "US_10Y_Treasury_Yield": 4.132999897003174,
    "VIX_close": 33.47999954223633,
    "GOLD_basis_spot_vs_near": 0.10009765625,
    "China_10Y_Treasury_Yield": 1.781
  }
}