{
  "latest_date": "2026-03-09",
  "latest_values": {
    "Shanghai_Composite_Index": 4096.6025390625,
    "CSI_300_Index": 4615.455078125,
    "Shenzhen_Component_Index": 14172.6298828125,
    "ALUMINUM_future": 3343.25,
    "BTC_price": 68895.296875,
    "OIL_price": 96.04000091552734,
    "USD_CNY_exchange_rate": 6.906099796295166,
    "Commodity_Index_ETF": 27.979999542236328,
    "US_Dollar_Index": 99.0719985961914,
    "ETH_price": 2023.4359130859375,
    "GOLD_spot_price": 5106.0,
    "LEAN_HOGS_future": 94.25,
    "COPPER_future": 5.831999778747559,
    "High_Yield_Bond_ETF": 79.83999633789062,
    "LIVE_CATTLE_future": 229.89999389648438,
    "GOLD_near_month_future": 5105.89990234375,
    "NATURAL_GAS_future": 3.1429998874664307,
    "PLATINUM_future": 2158.300048828125,
    "SILVER_future": 84.59500122070312,
    "Long_Term_Treasury_ETF": 88.83499908447266,
    "CORN_future": 456.5,
    "SOYBEANS_future": 1199.25,
    "WHEAT_future": 610.0,
    "SP500_close": 6705.77001953125,
    "NASDAQ_close": 22359.826171875,
    "US_10Y_Treasury_Yield": 4.133999824523926,
    "VIX_close": 27.75,
    "GOLD_basis_spot_vs_near": 0.10009765625,
    "China_10Y_Treasury_Yield": 1.8054
  }
}