{
  "latest_date": "2026-03-12",
  "latest_values": {
    "Shanghai_Composite_Index": 4133.43310546875,
    "CSI_300_Index": 4704.5,
    "Shenzhen_Component_Index": 14465.41015625,
    "ALUMINUM_future": 3490.25,
    "BTC_price": 69794.6875,
    "OIL_price": 92.0999984741211,
    "USD_CNY_exchange_rate": 6.875199794769287,
    "Commodity_Index_ETF": 28.1299991607666,
    "US_Dollar_Index": 99.41000366210938,
    "ETH_price": 2044.7098388671875,
    "GOLD_spot_price": 5186.0,
    "LEAN_HOGS_future": 86.875,
    "COPPER_future": 5.886000156402588,
    "High_Yield_Bond_ETF": 79.86000061035156,
    "LIVE_CATTLE_future": 225.64999389648438,
    "GOLD_near_month_future": 5185.60009765625,
    "NATURAL_GAS_future": 3.253999948501587,
    "PLATINUM_future": 2185.89990234375,
    "SILVER_future": 86.92500305175781,
    "Long_Term_Treasury_ETF": 87.13999938964844,
    "CORN_future": 464.25,
    "SOYBEANS_future": 1225.75,
    "WHEAT_future": 602.5,
    "SP500_close": 6775.7998046875,
    "NASDAQ_close": 22716.130859375,
    "US_10Y_Treasury_Yield": 4.208000183105469,
    "VIX_close": 25.170000076293945,
    "GOLD_basis_spot_vs_near": 0.39990234375,
    "China_10Y_Treasury_Yield": 1.8075
  }
}