{
  "latest_date": "2026-03-10",
  "latest_values": {
    "Shanghai_Composite_Index": 4123.13818359375,
    "CSI_300_Index": 4674.75634765625,
    "Shenzhen_Component_Index": 14067.5,
    "ALUMINUM_future": 3344.0,
    "BTC_price": 71280.8671875,
    "OIL_price": 84.5999984741211,
    "USD_CNY_exchange_rate": 6.876100063323975,
    "Commodity_Index_ETF": 27.3700008392334,
    "US_Dollar_Index": 98.63700103759766,
    "ETH_price": 2078.082763671875,
    "GOLD_spot_price": 5238.7001953125,
    "LEAN_HOGS_future": 96.25,
    "COPPER_future": 5.947000026702881,
    "High_Yield_Bond_ETF": 80.29499816894531,
    "LIVE_CATTLE_future": 232.0,
    "GOLD_near_month_future": 5238.7998046875,
    "NATURAL_GAS_future": 3.0339999198913574,
    "PLATINUM_future": 2228.300048828125,
    "SILVER_future": 89.87000274658203,
    "Long_Term_Treasury_ETF": 88.94000244140625,
    "CORN_future": 448.0,
    "SOYBEANS_future": 1201.25,
    "WHEAT_future": 587.5,
    "SP500_close": 6818.8701171875,
    "NASDAQ_close": 22821.3671875,
    "US_10Y_Treasury_Yield": 4.109000205993652,
    "VIX_close": 22.829999923706055,
    "GOLD_basis_spot_vs_near": -0.099609375,
    "China_10Y_Treasury_Yield": 1.8055
  }
}