{
  "latest_date": "2026-03-11",
  "latest_values": {
    "Shanghai_Composite_Index": 4133.43310546875,
    "CSI_300_Index": 4704.49609375,
    "Shenzhen_Component_Index": 14465.41015625,
    "ALUMINUM_future": 3407.0,
    "BTC_price": 70656.9140625,
    "OIL_price": 87.31999969482422,
    "USD_CNY_exchange_rate": 6.864999771118164,
    "Commodity_Index_ETF": 27.84000015258789,
    "US_Dollar_Index": 99.24700164794922,
    "ETH_price": 2068.308349609375,
    "GOLD_spot_price": 5183.39990234375,
    "LEAN_HOGS_future": 86.75,
    "COPPER_future": 5.889500141143799,
    "High_Yield_Bond_ETF": 79.91999816894531,
    "LIVE_CATTLE_future": 225.47500610351562,
    "GOLD_near_month_future": 5183.2001953125,
    "NATURAL_GAS_future": 3.1549999713897705,
    "PLATINUM_future": 2194.89990234375,
    "SILVER_future": 85.42500305175781,
    "Long_Term_Treasury_ETF": 87.31500244140625,
    "CORN_future": 460.0,
    "SOYBEANS_future": 1221.0,
    "WHEAT_future": 593.75,
    "SP500_close": 6772.240234375,
    "NASDAQ_close": 22713.5234375,
    "US_10Y_Treasury_Yield": 4.203999996185303,
    "VIX_close": 25.049999237060547,
    "GOLD_basis_spot_vs_near": 0.19970703125,
    "China_10Y_Treasury_Yield": 1.8075
  }
}