{
  "latest_date": "2026-03-11",
  "latest_values": {
    "Shanghai_Composite_Index": 4123.13818359375,
    "CSI_300_Index": 4674.759765625,
    "Shenzhen_Component_Index": 14354.0703125,
    "ALUMINUM_future": 3420.25,
    "BTC_price": 70771.2421875,
    "OIL_price": 86.47000122070312,
    "USD_CNY_exchange_rate": 6.864999771118164,
    "Commodity_Index_ETF": 27.7450008392334,
    "US_Dollar_Index": 99.0999984741211,
    "ETH_price": 2068.875244140625,
    "GOLD_spot_price": 5190.2001953125,
    "LEAN_HOGS_future": 87.0999984741211,
    "COPPER_future": 5.9039998054504395,
    "High_Yield_Bond_ETF": 79.99500274658203,
    "LIVE_CATTLE_future": 226.35000610351562,
    "GOLD_near_month_future": 5190.39990234375,
    "NATURAL_GAS_future": 3.125999927520752,
    "PLATINUM_future": 2204.800048828125,
    "SILVER_future": 85.7249984741211,
    "Long_Term_Treasury_ETF": 87.47989654541016,
    "CORN_future": 458.0,
    "SOYBEANS_future": 1224.0,
    "WHEAT_future": 595.0,
    "SP500_close": 6788.97021484375,
    "NASDAQ_close": 22774.357421875,
    "US_10Y_Treasury_Yield": 4.197000026702881,
    "VIX_close": 24.850000381469727,
    "GOLD_basis_spot_vs_near": -0.19970703125,
    "China_10Y_Treasury_Yield": 1.8075
  }
}