{
  "latest_date": "2026-03-06",
  "latest_values": {
    "Shanghai_Composite_Index": 4124.19384765625,
    "CSI_300_Index": 4660.43896484375,
    "Shenzhen_Component_Index": 14172.626953125,
    "ALUMINUM_future": 3369.0,
    "BTC_price": 68252.40625,
    "OIL_price": 90.91000366210938,
    "USD_CNY_exchange_rate": 6.895999908447266,
    "Commodity_Index_ETF": 27.530000686645508,
    "US_Dollar_Index": 98.95099639892578,
    "ETH_price": 1987.200927734375,
    "GOLD_spot_price": 5175.2001953125,
    "LEAN_HOGS_future": 95.67500305175781,
    "COPPER_future": 5.823999881744385,
    "High_Yield_Bond_ETF": 79.92500305175781,
    "LIVE_CATTLE_future": 234.3249969482422,
    "GOLD_near_month_future": 5175.2001953125,
    "NATURAL_GAS_future": 3.187999963760376,
    "PLATINUM_future": 2150.5,
    "SILVER_future": 84.75499725341797,
    "Long_Term_Treasury_ETF": 88.75,
    "CORN_future": 460.75,
    "SOYBEANS_future": 1201.75,
    "WHEAT_future": 618.25,
    "SP500_close": 6757.509765625,
    "NASDAQ_close": 22496.564453125,
    "US_10Y_Treasury_Yield": 4.116999626159668,
    "VIX_close": 26.899999618530273,
    "GOLD_basis_spot_vs_near": 0.0,
    "China_10Y_Treasury_Yield": 1.781
  }
}