{
  "latest_date": "2026-03-09",
  "latest_values": {
    "Shanghai_Composite_Index": 4124.19384765625,
    "CSI_300_Index": 4660.43994140625,
    "Shenzhen_Component_Index": 14172.6298828125,
    "ALUMINUM_future": 3363.0,
    "BTC_price": 67649.0390625,
    "OIL_price": 102.73999786376953,
    "USD_CNY_exchange_rate": 6.915500164031982,
    "Commodity_Index_ETF": 27.510000228881836,
    "US_Dollar_Index": 99.28500366210938,
    "ETH_price": 1995.5516357421875,
    "GOLD_spot_price": 5105.2998046875,
    "LEAN_HOGS_future": 87.19999694824219,
    "COPPER_future": 5.768499851226807,
    "High_Yield_Bond_ETF": 79.69000244140625,
    "LIVE_CATTLE_future": 228.4499969482422,
    "GOLD_near_month_future": 5105.2998046875,
    "NATURAL_GAS_future": 3.38100004196167,
    "PLATINUM_future": 2101.60009765625,
    "SILVER_future": 84.04000091552734,
    "Long_Term_Treasury_ETF": 88.45999908447266,
    "CORN_future": 468.75,
    "SOYBEANS_future": 1219.5,
    "WHEAT_future": 623.0,
    "SP500_close": 6740.02001953125,
    "NASDAQ_close": 22387.6796875,
    "US_10Y_Treasury_Yield": 4.132999897003174,
    "GOLD_basis_spot_vs_near": 0.0,
    "China_10Y_Treasury_Yield": 1.8054
  }
}