{
  "latest_date": "2026-03-09",
  "latest_values": {
    "Shanghai_Composite_Index": 4124.19384765625,
    "CSI_300_Index": 4660.43994140625,
    "Shenzhen_Component_Index": 14172.6298828125,
    "ALUMINUM_future": 3441.75,
    "BTC_price": 67851.546875,
    "OIL_price": 105.62999725341797,
    "USD_CNY_exchange_rate": 6.912600040435791,
    "Commodity_Index_ETF": 27.510000228881836,
    "US_Dollar_Index": 99.23799896240234,
    "ETH_price": 2009.099609375,
    "GOLD_spot_price": 5138.2001953125,
    "LEAN_HOGS_future": 95.625,
    "COPPER_future": 5.781000137329102,
    "High_Yield_Bond_ETF": 79.69000244140625,
    "LIVE_CATTLE_future": 234.5749969482422,
    "GOLD_near_month_future": 5137.7001953125,
    "NATURAL_GAS_future": 3.378000020980835,
    "PLATINUM_future": 2133.199951171875,
    "SILVER_future": 84.53500366210938,
    "Long_Term_Treasury_ETF": 88.45999908447266,
    "CORN_future": 470.25,
    "SOYBEANS_future": 1222.75,
    "WHEAT_future": 629.75,
    "SP500_close": 6740.02001953125,
    "NASDAQ_close": 22387.6796875,
    "US_10Y_Treasury_Yield": 4.132999897003174,
    "GOLD_basis_spot_vs_near": 0.5,
    "China_10Y_Treasury_Yield": 1.781
  }
}