{
  "latest_date": "2026-03-05",
  "latest_values": {
    "Shanghai_Composite_Index": 4108.56689453125,
    "CSI_300_Index": 4647.69189453125,
    "Shenzhen_Component_Index": 13917.75,
    "ALUMINUM_future": 3252.75,
    "BTC_price": 71715.390625,
    "OIL_price": 78.62000274658203,
    "USD_CNY_exchange_rate": 6.890699863433838,
    "Commodity_Index_ETF": 26.5,
    "US_Dollar_Index": 99.28700256347656,
    "ETH_price": 2087.311279296875,
    "GOLD_spot_price": 5095.10009765625,
    "LEAN_HOGS_future": 96.0250015258789,
    "COPPER_future": 5.828499794006348,
    "High_Yield_Bond_ETF": 80.26000213623047,
    "LIVE_CATTLE_future": 238.875,
    "GOLD_near_month_future": 5095.2001953125,
    "NATURAL_GAS_future": 2.950000047683716,
    "PLATINUM_future": 2129.300048828125,
    "SILVER_future": 82.05000305175781,
    "Long_Term_Treasury_ETF": 88.78500366210938,
    "CORN_future": 448.5,
    "SOYBEANS_future": 1168.25,
    "WHEAT_future": 576.5,
    "SP500_close": 6834.33984375,
    "NASDAQ_close": 22763.41015625,
    "US_10Y_Treasury_Yield": 4.133000373840332,
    "VIX_close": 22.610000610351562,
    "GOLD_basis_spot_vs_near": -0.10009765625,
    "China_10Y_Treasury_Yield": 1.7779
  }
}