{
  "latest_date": "2026-03-09",
  "latest_values": {
    "Shanghai_Composite_Index": 4124.19384765625,
    "CSI_300_Index": 4660.43994140625,
    "Shenzhen_Component_Index": 14172.6298828125,
    "ALUMINUM_future": 3387.0,
    "BTC_price": 68096.5234375,
    "OIL_price": 98.69000244140625,
    "USD_CNY_exchange_rate": 6.915500164031982,
    "Commodity_Index_ETF": 27.510000228881836,
    "US_Dollar_Index": 99.30799865722656,
    "ETH_price": 2006.6031494140625,
    "GOLD_spot_price": 5112.5,
    "LEAN_HOGS_future": 87.19999694824219,
    "COPPER_future": 5.771999835968018,
    "High_Yield_Bond_ETF": 79.69000244140625,
    "LIVE_CATTLE_future": 228.4499969482422,
    "GOLD_near_month_future": 5111.39990234375,
    "NATURAL_GAS_future": 3.3010001182556152,
    "PLATINUM_future": 2110.0,
    "SILVER_future": 83.94000244140625,
    "Long_Term_Treasury_ETF": 88.45999908447266,
    "CORN_future": 467.25,
    "SOYBEANS_future": 1215.5,
    "WHEAT_future": 620.25,
    "SP500_close": 6740.02001953125,
    "NASDAQ_close": 22387.6796875,
    "US_10Y_Treasury_Yield": 4.132999897003174,
    "GOLD_basis_spot_vs_near": 1.10009765625,
    "China_10Y_Treasury_Yield": 1.781
  }
}