{
  "latest_date": "2026-03-11",
  "latest_values": {
    "Shanghai_Composite_Index": 4123.13818359375,
    "CSI_300_Index": 4674.759765625,
    "Shenzhen_Component_Index": 14354.0703125,
    "ALUMINUM_future": 3381.0,
    "BTC_price": 69577.9140625,
    "OIL_price": 83.91999816894531,
    "USD_CNY_exchange_rate": 6.863999843597412,
    "Commodity_Index_ETF": 27.600000381469727,
    "US_Dollar_Index": 98.7509994506836,
    "ETH_price": 2017.9105224609375,
    "GOLD_spot_price": 5208.60009765625,
    "LEAN_HOGS_future": 87.2249984741211,
    "COPPER_future": 5.927999973297119,
    "High_Yield_Bond_ETF": 80.04000091552734,
    "LIVE_CATTLE_future": 227.4250030517578,
    "GOLD_near_month_future": 5208.5,
    "NATURAL_GAS_future": 3.0450000762939453,
    "PLATINUM_future": 2193.39990234375,
    "SILVER_future": 87.81999969482422,
    "Long_Term_Treasury_ETF": 88.27999877929688,
    "CORN_future": 453.0,
    "SOYBEANS_future": 1207.5,
    "WHEAT_future": 596.25,
    "SP500_close": 6781.47998046875,
    "NASDAQ_close": 22697.099609375,
    "US_10Y_Treasury_Yield": 4.136000156402588,
    "VIX_close": 24.93000030517578,
    "GOLD_basis_spot_vs_near": 0.10009765625,
    "China_10Y_Treasury_Yield": 1.8055
  }
}