{
  "latest_date": "2026-03-09",
  "latest_values": {
    "Shanghai_Composite_Index": 4096.6025390625,
    "CSI_300_Index": 4615.455078125,
    "Shenzhen_Component_Index": 14067.5029296875,
    "ALUMINUM_future": 3299.75,
    "BTC_price": 68829.109375,
    "OIL_price": 89.6500015258789,
    "USD_CNY_exchange_rate": 6.906099796295166,
    "Commodity_Index_ETF": 27.139999389648438,
    "US_Dollar_Index": 98.72599792480469,
    "ETH_price": 2019.936279296875,
    "GOLD_spot_price": 5130.2998046875,
    "LEAN_HOGS_future": 94.82499694824219,
    "COPPER_future": 5.901000022888184,
    "High_Yield_Bond_ETF": 80.16999816894531,
    "LIVE_CATTLE_future": 230.125,
    "GOLD_near_month_future": 5131.0,
    "NATURAL_GAS_future": 3.0999999046325684,
    "PLATINUM_future": 2174.60009765625,
    "SILVER_future": 87.29000091552734,
    "Long_Term_Treasury_ETF": 89.2300033569336,
    "CORN_future": 453.25,
    "SOYBEANS_future": 1196.25,
    "WHEAT_future": 602.5,
    "SP500_close": 6795.990234375,
    "NASDAQ_close": 22695.9453125,
    "US_10Y_Treasury_Yield": 4.136000156402588,
    "VIX_close": 25.5,
    "GOLD_basis_spot_vs_near": -0.7001953125,
    "China_10Y_Treasury_Yield": 1.8054
  }
}