{
  "latest_date": "2026-03-10",
  "latest_values": {
    "Shanghai_Composite_Index": 4096.60302734375,
    "CSI_300_Index": 4615.4599609375,
    "Shenzhen_Component_Index": 14067.5,
    "ALUMINUM_future": 3264.75,
    "BTC_price": 70723.796875,
    "OIL_price": 89.08000183105469,
    "USD_CNY_exchange_rate": 6.873000144958496,
    "Commodity_Index_ETF": 27.139999389648438,
    "US_Dollar_Index": 98.72000122070312,
    "ETH_price": 2057.267578125,
    "GOLD_spot_price": 5178.60009765625,
    "LEAN_HOGS_future": 86.5,
    "COPPER_future": 5.914999961853027,
    "High_Yield_Bond_ETF": 80.16999816894531,
    "LIVE_CATTLE_future": 225.22500610351562,
    "GOLD_near_month_future": 5178.2998046875,
    "NATURAL_GAS_future": 3.115999937057495,
    "PLATINUM_future": 2207.89990234375,
    "SILVER_future": 88.43000030517578,
    "Long_Term_Treasury_ETF": 89.2300033569336,
    "CORN_future": 450.5,
    "SOYBEANS_future": 1193.5,
    "WHEAT_future": 597.5,
    "SP500_close": 6795.990234375,
    "NASDAQ_close": 22695.94921875,
    "US_10Y_Treasury_Yield": 4.136000156402588,
    "VIX_close": 24.040000915527344,
    "GOLD_basis_spot_vs_near": 0.30029296875,
    "China_10Y_Treasury_Yield": 1.8055
  }
}