{
  "latest_date": "2026-03-11",
  "latest_values": {
    "Shanghai_Composite_Index": 4123.13818359375,
    "CSI_300_Index": 4674.759765625,
    "Shenzhen_Component_Index": 14354.0703125,
    "ALUMINUM_future": 3389.0,
    "BTC_price": 69572.375,
    "OIL_price": 88.33000183105469,
    "USD_CNY_exchange_rate": 6.8703999519348145,
    "Commodity_Index_ETF": 27.600000381469727,
    "US_Dollar_Index": 99.03199768066406,
    "ETH_price": 2021.3160400390625,
    "GOLD_spot_price": 5201.0,
    "LEAN_HOGS_future": 87.2249984741211,
    "COPPER_future": 5.855500221252441,
    "High_Yield_Bond_ETF": 80.04000091552734,
    "LIVE_CATTLE_future": 227.4250030517578,
    "GOLD_near_month_future": 5201.5,
    "NATURAL_GAS_future": 3.0969998836517334,
    "PLATINUM_future": 2168.10009765625,
    "SILVER_future": 87.48500061035156,
    "Long_Term_Treasury_ETF": 88.27999877929688,
    "CORN_future": 456.5,
    "SOYBEANS_future": 1213.75,
    "WHEAT_future": 598.75,
    "SP500_close": 6781.47998046875,
    "NASDAQ_close": 22697.099609375,
    "US_10Y_Treasury_Yield": 4.136000156402588,
    "VIX_close": 25.940000534057617,
    "GOLD_basis_spot_vs_near": -0.5,
    "China_10Y_Treasury_Yield": 1.8055
  }
}