{
  "latest_date": "2026-03-10",
  "latest_values": {
    "Shanghai_Composite_Index": 4096.60302734375,
    "CSI_300_Index": 4615.4599609375,
    "Shenzhen_Component_Index": 14067.5,
    "ALUMINUM_future": 3252.0,
    "BTC_price": 69183.6640625,
    "OIL_price": 85.20999908447266,
    "USD_CNY_exchange_rate": 6.880799770355225,
    "Commodity_Index_ETF": 27.139999389648438,
    "US_Dollar_Index": 98.83300018310547,
    "ETH_price": 2019.0230712890625,
    "GOLD_spot_price": 5190.39990234375,
    "LEAN_HOGS_future": 94.82499694824219,
    "COPPER_future": 5.919000148773193,
    "High_Yield_Bond_ETF": 80.16999816894531,
    "LIVE_CATTLE_future": 230.125,
    "GOLD_near_month_future": 5189.89990234375,
    "NATURAL_GAS_future": 3.0869998931884766,
    "PLATINUM_future": 2207.60009765625,
    "SILVER_future": 89.7249984741211,
    "Long_Term_Treasury_ETF": 89.2300033569336,
    "CORN_future": 448.25,
    "SOYBEANS_future": 1188.75,
    "WHEAT_future": 589.0,
    "SP500_close": 6795.990234375,
    "NASDAQ_close": 22695.94921875,
    "US_10Y_Treasury_Yield": 4.136000156402588,
    "VIX_close": 25.5,
    "GOLD_basis_spot_vs_near": 0.5,
    "China_10Y_Treasury_Yield": 1.8054
  }
}