{
  "latest_date": "2026-03-10",
  "latest_values": {
    "Shanghai_Composite_Index": 4096.60302734375,
    "CSI_300_Index": 4615.4599609375,
    "Shenzhen_Component_Index": 14067.5,
    "ALUMINUM_future": 3273.0,
    "BTC_price": 69966.671875,
    "OIL_price": 90.30000305175781,
    "USD_CNY_exchange_rate": 6.885200023651123,
    "Commodity_Index_ETF": 27.139999389648438,
    "US_Dollar_Index": 98.90499877929688,
    "ETH_price": 2041.21875,
    "GOLD_spot_price": 5173.0,
    "LEAN_HOGS_future": 94.82499694824219,
    "COPPER_future": 5.8979997634887695,
    "High_Yield_Bond_ETF": 80.16999816894531,
    "LIVE_CATTLE_future": 230.125,
    "GOLD_near_month_future": 5173.2001953125,
    "NATURAL_GAS_future": 3.115999937057495,
    "PLATINUM_future": 2182.0,
    "SILVER_future": 88.68000030517578,
    "Long_Term_Treasury_ETF": 89.2300033569336,
    "CORN_future": 450.0,
    "SOYBEANS_future": 1191.75,
    "WHEAT_future": 594.75,
    "SP500_close": 6795.990234375,
    "NASDAQ_close": 22695.94921875,
    "US_10Y_Treasury_Yield": 4.136000156402588,
    "VIX_close": 25.5,
    "GOLD_basis_spot_vs_near": -0.2001953125,
    "China_10Y_Treasury_Yield": 1.8054
  }
}