{
  "latest_date": "2026-03-11",
  "latest_values": {
    "Shanghai_Composite_Index": 4133.43310546875,
    "CSI_300_Index": 4704.49609375,
    "Shenzhen_Component_Index": 14465.41015625,
    "ALUMINUM_future": 3397.5,
    "BTC_price": 70699.9296875,
    "OIL_price": 87.79000091552734,
    "USD_CNY_exchange_rate": 6.864999771118164,
    "Commodity_Index_ETF": 27.920000076293945,
    "US_Dollar_Index": 99.25199890136719,
    "ETH_price": 2067.812744140625,
    "GOLD_spot_price": 5170.2001953125,
    "LEAN_HOGS_future": 86.69999694824219,
    "COPPER_future": 5.872000217437744,
    "High_Yield_Bond_ETF": 79.875,
    "LIVE_CATTLE_future": 225.35000610351562,
    "GOLD_near_month_future": 5170.0,
    "NATURAL_GAS_future": 3.196000099182129,
    "PLATINUM_future": 2181.0,
    "SILVER_future": 85.30999755859375,
    "Long_Term_Treasury_ETF": 87.24500274658203,
    "CORN_future": 460.0,
    "SOYBEANS_future": 1216.5,
    "WHEAT_future": 594.75,
    "SP500_close": 6759.5400390625,
    "NASDAQ_close": 22657.337890625,
    "US_10Y_Treasury_Yield": 4.2220001220703125,
    "VIX_close": 25.479999542236328,
    "GOLD_basis_spot_vs_near": 0.2001953125,
    "China_10Y_Treasury_Yield": 1.8075
  }
}