{
  "latest_date": "2026-03-10",
  "latest_values": {
    "Shanghai_Composite_Index": 4096.60302734375,
    "CSI_300_Index": 4615.4599609375,
    "Shenzhen_Component_Index": 14067.5,
    "ALUMINUM_future": 3334.0,
    "BTC_price": 70609.796875,
    "OIL_price": 89.44000244140625,
    "USD_CNY_exchange_rate": 6.876100063323975,
    "Commodity_Index_ETF": 27.139999389648438,
    "US_Dollar_Index": 98.70800018310547,
    "ETH_price": 2052.646484375,
    "GOLD_spot_price": 5194.10009765625,
    "LEAN_HOGS_future": 86.5,
    "COPPER_future": 5.895500183105469,
    "High_Yield_Bond_ETF": 80.16999816894531,
    "LIVE_CATTLE_future": 225.22500610351562,
    "GOLD_near_month_future": 5194.60009765625,
    "NATURAL_GAS_future": 3.0239999294281006,
    "PLATINUM_future": 2213.89990234375,
    "SILVER_future": 88.79000091552734,
    "Long_Term_Treasury_ETF": 89.2300033569336,
    "CORN_future": 452.25,
    "SOYBEANS_future": 1199.5,
    "WHEAT_future": 602.75,
    "SP500_close": 6795.990234375,
    "NASDAQ_close": 22695.94921875,
    "US_10Y_Treasury_Yield": 4.126999855041504,
    "VIX_close": 24.979999542236328,
    "GOLD_basis_spot_vs_near": -0.5,
    "China_10Y_Treasury_Yield": 1.8055
  }
}