{
  "latest_date": "2026-03-10",
  "latest_values": {
    "Shanghai_Composite_Index": 4096.60302734375,
    "CSI_300_Index": 4615.4599609375,
    "Shenzhen_Component_Index": 14067.5,
    "ALUMINUM_future": 3243.5,
    "BTC_price": 70845.671875,
    "OIL_price": 88.23999786376953,
    "USD_CNY_exchange_rate": 6.87060022354126,
    "Commodity_Index_ETF": 27.139999389648438,
    "US_Dollar_Index": 98.58200073242188,
    "ETH_price": 2062.2841796875,
    "GOLD_spot_price": 5199.2998046875,
    "LEAN_HOGS_future": 86.5,
    "COPPER_future": 5.940000057220459,
    "High_Yield_Bond_ETF": 80.16999816894531,
    "LIVE_CATTLE_future": 225.22500610351562,
    "GOLD_near_month_future": 5198.89990234375,
    "NATURAL_GAS_future": 3.0840001106262207,
    "PLATINUM_future": 2226.10009765625,
    "SILVER_future": 89.45999908447266,
    "Long_Term_Treasury_ETF": 89.2300033569336,
    "CORN_future": 449.0,
    "SOYBEANS_future": 1190.5,
    "WHEAT_future": 593.75,
    "SP500_close": 6795.990234375,
    "NASDAQ_close": 22695.94921875,
    "US_10Y_Treasury_Yield": 4.136000156402588,
    "VIX_close": 23.200000762939453,
    "GOLD_basis_spot_vs_near": 0.39990234375,
    "China_10Y_Treasury_Yield": 1.8054
  }
}