{
  "latest_date": "2026-03-09",
  "latest_values": {
    "Shanghai_Composite_Index": 4124.19384765625,
    "CSI_300_Index": 4660.43994140625,
    "Shenzhen_Component_Index": 14172.6298828125,
    "BTC_price": 66139.1484375,
    "USD_CNY_exchange_rate": 6.920899868011475,
    "ETH_price": 1944.5604248046875,
    "China_10Y_Treasury_Yield": 1.781
  }
}