{
  "latest_date": "2026-03-12",
  "latest_values": {
    "Shanghai_Composite_Index": 4133.43310546875,
    "CSI_300_Index": 4704.5,
    "Shenzhen_Component_Index": 14465.41015625,
    "ALUMINUM_future": 3448.5,
    "BTC_price": 69555.09375,
    "OIL_price": 93.5,
    "USD_CNY_exchange_rate": 6.875,
    "Commodity_Index_ETF": 28.1299991607666,
    "US_Dollar_Index": 99.37000274658203,
    "ETH_price": 2037.358642578125,
    "GOLD_spot_price": 5179.39990234375,
    "LEAN_HOGS_future": 86.875,
    "COPPER_future": 5.88700008392334,
    "High_Yield_Bond_ETF": 79.86000061035156,
    "LIVE_CATTLE_future": 225.64999389648438,
    "GOLD_near_month_future": 5179.2001953125,
    "NATURAL_GAS_future": 3.260999917984009,
    "PLATINUM_future": 2174.5,
    "SILVER_future": 85.70500183105469,
    "Long_Term_Treasury_ETF": 87.13999938964844,
    "CORN_future": 463.0,
    "SOYBEANS_future": 1221.0,
    "WHEAT_future": 600.25,
    "SP500_close": 6775.7998046875,
    "NASDAQ_close": 22716.134765625,
    "US_10Y_Treasury_Yield": 4.208000183105469,
    "VIX_close": 24.229999542236328,
    "GOLD_basis_spot_vs_near": 0.19970703125,
    "China_10Y_Treasury_Yield": 1.8075
  }
}