{
  "latest_date": "2026-03-06",
  "latest_values": {
    "Shanghai_Composite_Index": 4108.56689453125,
    "CSI_300_Index": 4647.68994140625,
    "Shenzhen_Component_Index": 14088.83984375,
    "ALUMINUM_future": 3270.0,
    "BTC_price": 70550.5078125,
    "OIL_price": 84.16000366210938,
    "USD_CNY_exchange_rate": 6.904099941253662,
    "Commodity_Index_ETF": 26.520000457763672,
    "US_Dollar_Index": 99.24400329589844,
    "ETH_price": 2062.911376953125,
    "GOLD_spot_price": 5096.7998046875,
    "LEAN_HOGS_future": 86.92500305175781,
    "COPPER_future": 5.806000232696533,
    "High_Yield_Bond_ETF": 80.08000183105469,
    "LIVE_CATTLE_future": 232.85000610351562,
    "GOLD_near_month_future": 5096.89990234375,
    "NATURAL_GAS_future": 3.0220000743865967,
    "PLATINUM_future": 2143.0,
    "SILVER_future": 83.28500366210938,
    "Long_Term_Treasury_ETF": 88.79000091552734,
    "CORN_future": 456.0,
    "SOYBEANS_future": 1186.5,
    "WHEAT_future": 591.5,
    "SP500_close": 6830.7099609375,
    "NASDAQ_close": 22748.990234375,
    "US_10Y_Treasury_Yield": 4.145999908447266,
    "VIX_close": 24.229999542236328,
    "GOLD_basis_spot_vs_near": -0.10009765625,
    "China_10Y_Treasury_Yield": 1.781
  }
}