{
  "latest_date": "2026-03-11",
  "latest_values": {
    "Shanghai_Composite_Index": 4133.43310546875,
    "CSI_300_Index": 4704.49609375,
    "Shenzhen_Component_Index": 14354.0703125,
    "ALUMINUM_future": 3402.75,
    "BTC_price": 70209.171875,
    "OIL_price": 87.58000183105469,
    "USD_CNY_exchange_rate": 6.864999771118164,
    "Commodity_Index_ETF": 27.81999969482422,
    "US_Dollar_Index": 99.24299621582031,
    "ETH_price": 2047.537841796875,
    "GOLD_spot_price": 5176.5,
    "LEAN_HOGS_future": 86.8499984741211,
    "COPPER_future": 5.875999927520752,
    "High_Yield_Bond_ETF": 79.9000015258789,
    "LIVE_CATTLE_future": 226.0,
    "GOLD_near_month_future": 5176.7001953125,
    "NATURAL_GAS_future": 3.1459999084472656,
    "PLATINUM_future": 2183.0,
    "SILVER_future": 85.05999755859375,
    "Long_Term_Treasury_ETF": 87.27999877929688,
    "CORN_future": 460.5,
    "SOYBEANS_future": 1225.75,
    "WHEAT_future": 597.25,
    "SP500_close": 6759.27978515625,
    "NASDAQ_close": 22677.99609375,
    "US_10Y_Treasury_Yield": 4.208000183105469,
    "VIX_close": 25.219999313354492,
    "GOLD_basis_spot_vs_near": -0.2001953125,
    "China_10Y_Treasury_Yield": 1.8075
  }
}