{
  "latest_date": "2026-03-11",
  "latest_values": {
    "Shanghai_Composite_Index": 4133.43310546875,
    "CSI_300_Index": 4704.49609375,
    "Shenzhen_Component_Index": 14465.41015625,
    "ALUMINUM_future": 3414.0,
    "BTC_price": 70507.2421875,
    "OIL_price": 88.19000244140625,
    "USD_CNY_exchange_rate": 6.864999771118164,
    "Commodity_Index_ETF": 28.1299991607666,
    "US_Dollar_Index": 99.23799896240234,
    "ETH_price": 2069.3876953125,
    "GOLD_spot_price": 5185.5,
    "LEAN_HOGS_future": 86.875,
    "COPPER_future": 5.91349983215332,
    "High_Yield_Bond_ETF": 79.86000061035156,
    "LIVE_CATTLE_future": 225.64999389648438,
    "GOLD_near_month_future": 5185.5,
    "NATURAL_GAS_future": 3.2139999866485596,
    "PLATINUM_future": 2179.800048828125,
    "SILVER_future": 86.00499725341797,
    "Long_Term_Treasury_ETF": 87.13999938964844,
    "CORN_future": 460.5,
    "SOYBEANS_future": 1214.25,
    "WHEAT_future": 596.25,
    "SP500_close": 6775.7998046875,
    "NASDAQ_close": 22716.134765625,
    "US_10Y_Treasury_Yield": 4.208000183105469,
    "VIX_close": 24.229999542236328,
    "GOLD_basis_spot_vs_near": 0.0,
    "China_10Y_Treasury_Yield": 1.8075
  }
}