{
  "latest_date": "2026-03-11",
  "latest_values": {
    "Shanghai_Composite_Index": 4123.13818359375,
    "CSI_300_Index": 4674.759765625,
    "Shenzhen_Component_Index": 14354.0703125,
    "ALUMINUM_future": 3365.0,
    "BTC_price": 69655.0078125,
    "OIL_price": 85.4000015258789,
    "USD_CNY_exchange_rate": 6.866399765014648,
    "Commodity_Index_ETF": 27.600000381469727,
    "US_Dollar_Index": 98.86699676513672,
    "ETH_price": 2014.4052734375,
    "GOLD_spot_price": 5196.2998046875,
    "LEAN_HOGS_future": 87.2249984741211,
    "COPPER_future": 5.881999969482422,
    "High_Yield_Bond_ETF": 80.04000091552734,
    "LIVE_CATTLE_future": 227.4250030517578,
    "GOLD_near_month_future": 5196.2998046875,
    "NATURAL_GAS_future": 3.065000057220459,
    "PLATINUM_future": 2170.10009765625,
    "SILVER_future": 86.74500274658203,
    "Long_Term_Treasury_ETF": 88.27999877929688,
    "CORN_future": 453.0,
    "SOYBEANS_future": 1210.25,
    "WHEAT_future": 596.25,
    "SP500_close": 6781.47998046875,
    "NASDAQ_close": 22697.099609375,
    "US_10Y_Treasury_Yield": 4.136000156402588,
    "VIX_close": 25.229999542236328,
    "GOLD_basis_spot_vs_near": 0.0,
    "China_10Y_Treasury_Yield": 1.8055
  }
}