{
  "latest_date": "2026-03-12",
  "latest_values": {
    "Shanghai_Composite_Index": 4133.43310546875,
    "CSI_300_Index": 4704.5,
    "Shenzhen_Component_Index": 14465.41015625,
    "ALUMINUM_future": 3445.0,
    "BTC_price": 69454.3984375,
    "OIL_price": 93.41000366210938,
    "USD_CNY_exchange_rate": 6.880300045013428,
    "Commodity_Index_ETF": 28.1299991607666,
    "US_Dollar_Index": 99.4530029296875,
    "ETH_price": 2025.811279296875,
    "GOLD_spot_price": 5159.0,
    "LEAN_HOGS_future": 86.875,
    "COPPER_future": 5.8454999923706055,
    "High_Yield_Bond_ETF": 79.86000061035156,
    "LIVE_CATTLE_future": 225.64999389648438,
    "GOLD_near_month_future": 5158.89990234375,
    "NATURAL_GAS_future": 3.2679998874664307,
    "PLATINUM_future": 2157.10009765625,
    "SILVER_future": 85.43000030517578,
    "Long_Term_Treasury_ETF": 87.13999938964844,
    "CORN_future": 462.75,
    "SOYBEANS_future": 1220.5,
    "WHEAT_future": 600.5,
    "SP500_close": 6775.7998046875,
    "NASDAQ_close": 22716.130859375,
    "US_10Y_Treasury_Yield": 4.208000183105469,
    "VIX_close": 24.229999542236328,
    "GOLD_basis_spot_vs_near": 0.10009765625,
    "China_10Y_Treasury_Yield": 1.8075
  }
}