{
  "latest_date": "2026-03-09",
  "latest_values": {
    "Shanghai_Composite_Index": 4096.6025390625,
    "CSI_300_Index": 4615.455078125,
    "Shenzhen_Component_Index": 14067.5029296875,
    "ALUMINUM_future": 3319.75,
    "BTC_price": 68922.21875,
    "OIL_price": 85.12999725341797,
    "USD_CNY_exchange_rate": 6.906099796295166,
    "Commodity_Index_ETF": 27.219999313354492,
    "US_Dollar_Index": 98.91400146484375,
    "ETH_price": 2030.1282958984375,
    "GOLD_spot_price": 5141.5,
    "LEAN_HOGS_future": 94.82499694824219,
    "COPPER_future": 5.882500171661377,
    "High_Yield_Bond_ETF": 80.05999755859375,
    "LIVE_CATTLE_future": 230.125,
    "GOLD_near_month_future": 5140.7001953125,
    "NATURAL_GAS_future": 3.052000045776367,
    "PLATINUM_future": 2191.800048828125,
    "SILVER_future": 86.74500274658203,
    "Long_Term_Treasury_ETF": 89.26390075683594,
    "CORN_future": 453.25,
    "SOYBEANS_future": 1196.25,
    "WHEAT_future": 602.5,
    "SP500_close": 6789.0400390625,
    "NASDAQ_close": 22658.955078125,
    "US_10Y_Treasury_Yield": 4.136000156402588,
    "VIX_close": 25.360000610351562,
    "GOLD_basis_spot_vs_near": 0.7998046875,
    "China_10Y_Treasury_Yield": 1.8054
  }
}