{
  "latest_date": "2026-03-08",
  "latest_values": {
    "Shanghai_Composite_Index": 4124.19384765625,
    "CSI_300_Index": 4660.43994140625,
    "Shenzhen_Component_Index": 14172.6298828125,
    "BTC_price": 67288.359375,
    "USD_CNY_exchange_rate": 6.904099941253662,
    "ETH_price": 1968.426025390625,
    "China_10Y_Treasury_Yield": 1.781
  }
}