{
  "latest_date": "2026-03-06",
  "latest_values": {
    "Shanghai_Composite_Index": 4108.56689453125,
    "CSI_300_Index": 4647.68994140625,
    "Shenzhen_Component_Index": 14088.83984375,
    "ALUMINUM_future": 3241.75,
    "BTC_price": 70184.921875,
    "OIL_price": 80.0,
    "USD_CNY_exchange_rate": 6.904399871826172,
    "Commodity_Index_ETF": 26.520000457763672,
    "US_Dollar_Index": 99.01100158691406,
    "ETH_price": 2062.49755859375,
    "GOLD_spot_price": 5130.7998046875,
    "LEAN_HOGS_future": 95.875,
    "COPPER_future": 5.861999988555908,
    "High_Yield_Bond_ETF": 80.08000183105469,
    "LIVE_CATTLE_future": 238.5749969482422,
    "GOLD_near_month_future": 5131.0,
    "NATURAL_GAS_future": 2.9779999256134033,
    "PLATINUM_future": 2152.39990234375,
    "SILVER_future": 84.3499984741211,
    "Long_Term_Treasury_ETF": 88.79000091552734,
    "CORN_future": 453.75,
    "SOYBEANS_future": 1182.5,
    "WHEAT_future": 585.25,
    "SP500_close": 6830.7099609375,
    "NASDAQ_close": 22748.990234375,
    "US_10Y_Treasury_Yield": 4.145999908447266,
    "VIX_close": 23.75,
    "GOLD_basis_spot_vs_near": -0.2001953125,
    "China_10Y_Treasury_Yield": 1.7779
  }
}