{
  "latest_date": "2026-03-10",
  "latest_values": {
    "Shanghai_Composite_Index": 4123.13818359375,
    "CSI_300_Index": 4674.75634765625,
    "Shenzhen_Component_Index": 14354.0732421875,
    "ALUMINUM_future": 3330.5,
    "BTC_price": 69934.5703125,
    "OIL_price": 86.81999969482422,
    "USD_CNY_exchange_rate": 6.876100063323975,
    "Commodity_Index_ETF": 27.530000686645508,
    "US_Dollar_Index": 98.89700317382812,
    "ETH_price": 2033.0137939453125,
    "GOLD_spot_price": 5201.0,
    "LEAN_HOGS_future": 96.2249984741211,
    "COPPER_future": 5.920499801635742,
    "High_Yield_Bond_ETF": 80.12999725341797,
    "LIVE_CATTLE_future": 232.4250030517578,
    "GOLD_near_month_future": 5201.2001953125,
    "NATURAL_GAS_future": 3.049999952316284,
    "PLATINUM_future": 2210.89990234375,
    "SILVER_future": 88.4000015258789,
    "Long_Term_Treasury_ETF": 88.3322982788086,
    "CORN_future": 453.75,
    "SOYBEANS_future": 1203.25,
    "WHEAT_future": 593.0,
    "SP500_close": 6784.10009765625,
    "NASDAQ_close": 22697.6328125,
    "US_10Y_Treasury_Yield": 4.136000156402588,
    "VIX_close": 24.739999771118164,
    "GOLD_basis_spot_vs_near": -0.2001953125,
    "China_10Y_Treasury_Yield": 1.8055
  }
}