{
  "latest_date": "2026-03-12",
  "latest_values": {
    "Shanghai_Composite_Index": 4133.43310546875,
    "CSI_300_Index": 4704.5,
    "Shenzhen_Component_Index": 14465.41015625,
    "ALUMINUM_future": 3455.5,
    "BTC_price": 69822.875,
    "OIL_price": 90.44999694824219,
    "USD_CNY_exchange_rate": 6.877099990844727,
    "Commodity_Index_ETF": 28.1299991607666,
    "US_Dollar_Index": 99.38999938964844,
    "ETH_price": 2039.3505859375,
    "GOLD_spot_price": 5183.10009765625,
    "LEAN_HOGS_future": 86.875,
    "COPPER_future": 5.880000114440918,
    "High_Yield_Bond_ETF": 79.86000061035156,
    "LIVE_CATTLE_future": 225.64999389648438,
    "GOLD_near_month_future": 5183.7998046875,
    "NATURAL_GAS_future": 3.246000051498413,
    "PLATINUM_future": 2189.60009765625,
    "SILVER_future": 87.0199966430664,
    "Long_Term_Treasury_ETF": 87.13999938964844,
    "CORN_future": 463.0,
    "SOYBEANS_future": 1223.75,
    "WHEAT_future": 598.75,
    "SP500_close": 6775.7998046875,
    "NASDAQ_close": 22716.130859375,
    "US_10Y_Treasury_Yield": 4.208000183105469,
    "VIX_close": 25.280000686645508,
    "GOLD_basis_spot_vs_near": -0.69970703125,
    "China_10Y_Treasury_Yield": 1.8075
  }
}