{
  "latest_date": "2026-03-06",
  "latest_values": {
    "Shanghai_Composite_Index": 4124.19384765625,
    "CSI_300_Index": 4660.43896484375,
    "Shenzhen_Component_Index": 14172.626953125,
    "ALUMINUM_future": 3380.5,
    "BTC_price": 68045.59375,
    "OIL_price": 91.2699966430664,
    "USD_CNY_exchange_rate": 6.896500110626221,
    "Commodity_Index_ETF": 27.510000228881836,
    "US_Dollar_Index": 98.87100219726562,
    "ETH_price": 1974.9962158203125,
    "GOLD_spot_price": 5178.5,
    "LEAN_HOGS_future": 95.67500305175781,
    "COPPER_future": 5.841000080108643,
    "High_Yield_Bond_ETF": 79.69000244140625,
    "LIVE_CATTLE_future": 234.3249969482422,
    "GOLD_near_month_future": 5177.5,
    "NATURAL_GAS_future": 3.1670000553131104,
    "PLATINUM_future": 2142.300048828125,
    "SILVER_future": 84.53500366210938,
    "Long_Term_Treasury_ETF": 88.45999908447266,
    "CORN_future": 460.75,
    "SOYBEANS_future": 1201.75,
    "WHEAT_future": 618.25,
    "SP500_close": 6740.02001953125,
    "NASDAQ_close": 22387.6796875,
    "US_10Y_Treasury_Yield": 4.133000373840332,
    "VIX_close": 29.489999771118164,
    "GOLD_basis_spot_vs_near": 1.0,
    "China_10Y_Treasury_Yield": 1.781
  }
}