{
  "latest_date": "2026-03-12",
  "latest_values": {
    "Shanghai_Composite_Index": 4133.43310546875,
    "CSI_300_Index": 4704.5,
    "Shenzhen_Component_Index": 14465.41015625,
    "ALUMINUM_future": 3423.0,
    "BTC_price": 69350.8359375,
    "OIL_price": 94.72000122070312,
    "USD_CNY_exchange_rate": 6.879700183868408,
    "Commodity_Index_ETF": 28.1299991607666,
    "US_Dollar_Index": 99.51399993896484,
    "ETH_price": 2024.0679931640625,
    "GOLD_spot_price": 5150.89990234375,
    "LEAN_HOGS_future": 86.875,
    "COPPER_future": 5.83050012588501,
    "High_Yield_Bond_ETF": 79.86000061035156,
    "LIVE_CATTLE_future": 225.64999389648438,
    "GOLD_near_month_future": 5150.5,
    "NATURAL_GAS_future": 3.2890000343322754,
    "PLATINUM_future": 2152.199951171875,
    "SILVER_future": 84.625,
    "Long_Term_Treasury_ETF": 87.13999938964844,
    "CORN_future": 463.5,
    "SOYBEANS_future": 1222.75,
    "WHEAT_future": 600.75,
    "SP500_close": 6775.7998046875,
    "NASDAQ_close": 22716.130859375,
    "US_10Y_Treasury_Yield": 4.208000183105469,
    "VIX_close": 24.229999542236328,
    "GOLD_basis_spot_vs_near": 0.39990234375,
    "China_10Y_Treasury_Yield": 1.8075
  }
}