{
  "latest_date": "2026-03-06",
  "latest_values": {
    "Shanghai_Composite_Index": 4108.56689453125,
    "CSI_300_Index": 4647.68994140625,
    "Shenzhen_Component_Index": 14088.83984375,
    "ALUMINUM_future": 3278.0,
    "BTC_price": 70924.0234375,
    "OIL_price": 81.44000244140625,
    "USD_CNY_exchange_rate": 6.896299839019775,
    "Commodity_Index_ETF": 26.520000457763672,
    "US_Dollar_Index": 98.99400329589844,
    "ETH_price": 2080.628173828125,
    "GOLD_spot_price": 5112.5,
    "LEAN_HOGS_future": 86.92500305175781,
    "COPPER_future": 5.867499828338623,
    "High_Yield_Bond_ETF": 80.08000183105469,
    "LIVE_CATTLE_future": 232.85000610351562,
    "GOLD_near_month_future": 5112.5,
    "NATURAL_GAS_future": 2.9760000705718994,
    "PLATINUM_future": 2172.699951171875,
    "SILVER_future": 84.36000061035156,
    "Long_Term_Treasury_ETF": 88.79000091552734,
    "CORN_future": 455.0,
    "SOYBEANS_future": 1186.0,
    "WHEAT_future": 592.75,
    "SP500_close": 6830.7099609375,
    "NASDAQ_close": 22748.990234375,
    "US_10Y_Treasury_Yield": 4.145999908447266,
    "VIX_close": 23.299999237060547,
    "GOLD_basis_spot_vs_near": 0.0,
    "China_10Y_Treasury_Yield": 1.7779
  }
}