{
  "latest_date": "2026-03-09",
  "latest_values": {
    "Shanghai_Composite_Index": 4096.6025390625,
    "CSI_300_Index": 4615.455078125,
    "Shenzhen_Component_Index": 14067.5029296875,
    "ALUMINUM_future": 3331.0,
    "BTC_price": 68406.2421875,
    "OIL_price": 94.87999725341797,
    "USD_CNY_exchange_rate": 6.906099796295166,
    "Commodity_Index_ETF": 28.049999237060547,
    "US_Dollar_Index": 99.16899871826172,
    "ETH_price": 2013.9892578125,
    "GOLD_spot_price": 5126.7998046875,
    "LEAN_HOGS_future": 94.82499694824219,
    "COPPER_future": 5.827000141143799,
    "High_Yield_Bond_ETF": 79.86499786376953,
    "LIVE_CATTLE_future": 230.125,
    "GOLD_near_month_future": 5126.60009765625,
    "NATURAL_GAS_future": 3.127000093460083,
    "PLATINUM_future": 2182.0,
    "SILVER_future": 85.6050033569336,
    "Long_Term_Treasury_ETF": 88.91000366210938,
    "CORN_future": 453.25,
    "SOYBEANS_future": 1196.25,
    "WHEAT_future": 602.5,
    "SP500_close": 6713.85986328125,
    "NASDAQ_close": 22374.810546875,
    "US_10Y_Treasury_Yield": 4.131999969482422,
    "GOLD_basis_spot_vs_near": 0.19970703125,
    "China_10Y_Treasury_Yield": 1.8054
  }
}