{
  "latest_date": "2026-03-06",
  "latest_values": {
    "Shanghai_Composite_Index": 4124.19384765625,
    "CSI_300_Index": 4660.43896484375,
    "Shenzhen_Component_Index": 14088.83984375,
    "ALUMINUM_future": 3320.0,
    "BTC_price": 68931.4140625,
    "OIL_price": 88.80000305175781,
    "USD_CNY_exchange_rate": 6.895999908447266,
    "Commodity_Index_ETF": 27.40999984741211,
    "US_Dollar_Index": 99.13300323486328,
    "ETH_price": 1991.879150390625,
    "GOLD_spot_price": 5166.2998046875,
    "LEAN_HOGS_future": 96.30000305175781,
    "COPPER_future": 5.80649995803833,
    "High_Yield_Bond_ETF": 79.82499694824219,
    "LIVE_CATTLE_future": 238.625,
    "GOLD_near_month_future": 5166.10009765625,
    "NATURAL_GAS_future": 3.11299991607666,
    "PLATINUM_future": 2129.10009765625,
    "SILVER_future": 84.81500244140625,
    "Long_Term_Treasury_ETF": 88.28500366210938,
    "CORN_future": 458.0,
    "SOYBEANS_future": 1197.0,
    "WHEAT_future": 608.25,
    "SP500_close": 6761.31005859375,
    "NASDAQ_close": 22558.8203125,
    "US_10Y_Treasury_Yield": 4.161999702453613,
    "VIX_close": 26.010000228881836,
    "GOLD_basis_spot_vs_near": 0.19970703125,
    "China_10Y_Treasury_Yield": 1.781
  }
}