{
  "latest_date": "2026-03-05",
  "latest_values": {
    "Shanghai_Composite_Index": 4082.47412109375,
    "CSI_300_Index": 4602.6298828125,
    "Shenzhen_Component_Index": 13917.75,
    "ALUMINUM_future": 3275.0,
    "BTC_price": 73062.375,
    "OIL_price": 76.62000274658203,
    "USD_CNY_exchange_rate": 6.890699863433838,
    "Commodity_Index_ETF": 26.139999389648438,
    "US_Dollar_Index": 98.97599792480469,
    "ETH_price": 2147.0166015625,
    "GOLD_spot_price": 5172.2998046875,
    "LEAN_HOGS_future": 86.5999984741211,
    "COPPER_future": 5.821000099182129,
    "High_Yield_Bond_ETF": 80.4000015258789,
    "LIVE_CATTLE_future": 232.6750030517578,
    "GOLD_near_month_future": 5172.10009765625,
    "NATURAL_GAS_future": 2.9800000190734863,
    "PLATINUM_future": 2175.60009765625,
    "SILVER_future": 84.55999755859375,
    "Long_Term_Treasury_ETF": 89.1500015258789,
    "CORN_future": 446.0,
    "SOYBEANS_future": 1174.25,
    "WHEAT_future": 576.0,
    "SP500_close": 6869.5,
    "NASDAQ_close": 22807.48046875,
    "US_10Y_Treasury_Yield": 4.079999923706055,
    "VIX_close": 21.049999237060547,
    "GOLD_basis_spot_vs_near": 0.19970703125,
    "China_10Y_Treasury_Yield": 1.7779
  }
}