{
  "latest_date": "2026-03-11",
  "latest_values": {
    "Shanghai_Composite_Index": 4123.13818359375,
    "CSI_300_Index": 4674.759765625,
    "Shenzhen_Component_Index": 14354.0703125,
    "ALUMINUM_future": 3375.5,
    "BTC_price": 69942.9453125,
    "OIL_price": 83.88999938964844,
    "USD_CNY_exchange_rate": 6.862400054931641,
    "Commodity_Index_ETF": 27.600000381469727,
    "US_Dollar_Index": 98.77400207519531,
    "ETH_price": 2024.6610107421875,
    "GOLD_spot_price": 5202.5,
    "LEAN_HOGS_future": 87.2249984741211,
    "COPPER_future": 5.896999835968018,
    "High_Yield_Bond_ETF": 80.04000091552734,
    "LIVE_CATTLE_future": 227.4250030517578,
    "GOLD_near_month_future": 5202.60009765625,
    "NATURAL_GAS_future": 3.0439999103546143,
    "PLATINUM_future": 2183.60009765625,
    "SILVER_future": 87.56999969482422,
    "Long_Term_Treasury_ETF": 88.27999877929688,
    "CORN_future": 452.5,
    "SOYBEANS_future": 1208.25,
    "WHEAT_future": 593.25,
    "SP500_close": 6781.47998046875,
    "NASDAQ_close": 22697.099609375,
    "US_10Y_Treasury_Yield": 4.136000156402588,
    "VIX_close": 24.93000030517578,
    "GOLD_basis_spot_vs_near": -0.10009765625,
    "China_10Y_Treasury_Yield": 1.8055
  }
}