{
  "latest_date": "2026-03-05",
  "latest_values": {
    "Shanghai_Composite_Index": 4082.47412109375,
    "CSI_300_Index": 4602.6298828125,
    "Shenzhen_Component_Index": 13917.75,
    "ALUMINUM_future": 3262.0,
    "BTC_price": 72798.8203125,
    "OIL_price": 77.38999938964844,
    "USD_CNY_exchange_rate": 6.890699863433838,
    "Commodity_Index_ETF": 26.139999389648438,
    "US_Dollar_Index": 98.91000366210938,
    "ETH_price": 2130.014892578125,
    "GOLD_spot_price": 5174.60009765625,
    "LEAN_HOGS_future": 86.5999984741211,
    "COPPER_future": 5.815000057220459,
    "High_Yield_Bond_ETF": 80.4000015258789,
    "LIVE_CATTLE_future": 232.6750030517578,
    "GOLD_near_month_future": 5174.2998046875,
    "NATURAL_GAS_future": 2.9630000591278076,
    "PLATINUM_future": 2167.0,
    "SILVER_future": 84.23500061035156,
    "Long_Term_Treasury_ETF": 89.1500015258789,
    "CORN_future": 445.25,
    "SOYBEANS_future": 1172.0,
    "WHEAT_future": 573.0,
    "SP500_close": 6869.5,
    "NASDAQ_close": 22807.48046875,
    "US_10Y_Treasury_Yield": 4.079999923706055,
    "VIX_close": 21.729999542236328,
    "GOLD_basis_spot_vs_near": 0.30029296875,
    "China_10Y_Treasury_Yield": 1.7779
  }
}