{
  "latest_date": "2026-03-06",
  "latest_values": {
    "Shanghai_Composite_Index": 4108.56689453125,
    "CSI_300_Index": 4647.68994140625,
    "Shenzhen_Component_Index": 14088.83984375,
    "ALUMINUM_future": 3260.5,
    "BTC_price": 70394.859375,
    "OIL_price": 83.19999694824219,
    "USD_CNY_exchange_rate": 6.90369987487793,
    "Commodity_Index_ETF": 26.520000457763672,
    "US_Dollar_Index": 99.22599792480469,
    "ETH_price": 2050.135986328125,
    "GOLD_spot_price": 5110.2001953125,
    "LEAN_HOGS_future": 86.92500305175781,
    "COPPER_future": 5.823500156402588,
    "High_Yield_Bond_ETF": 80.08000183105469,
    "LIVE_CATTLE_future": 232.85000610351562,
    "GOLD_near_month_future": 5110.2998046875,
    "NATURAL_GAS_future": 3.01200008392334,
    "PLATINUM_future": 2143.5,
    "SILVER_future": 83.84500122070312,
    "Long_Term_Treasury_ETF": 88.79000091552734,
    "CORN_future": 456.0,
    "SOYBEANS_future": 1187.0,
    "WHEAT_future": 595.5,
    "SP500_close": 6830.7099609375,
    "NASDAQ_close": 22748.990234375,
    "US_10Y_Treasury_Yield": 4.145999908447266,
    "VIX_close": 24.200000762939453,
    "GOLD_basis_spot_vs_near": -0.099609375,
    "China_10Y_Treasury_Yield": 1.7779
  }
}