{
  "latest_date": "2026-03-09",
  "latest_values": {
    "Shanghai_Composite_Index": 4124.19384765625,
    "CSI_300_Index": 4660.43994140625,
    "Shenzhen_Component_Index": 14172.6298828125,
    "ALUMINUM_future": 3457.5,
    "BTC_price": 67237.90625,
    "OIL_price": 102.86000061035156,
    "USD_CNY_exchange_rate": 6.914700031280518,
    "Commodity_Index_ETF": 27.510000228881836,
    "US_Dollar_Index": 99.41699981689453,
    "ETH_price": 1975.24951171875,
    "GOLD_spot_price": 5101.10009765625,
    "LEAN_HOGS_future": 95.625,
    "COPPER_future": 5.743500232696533,
    "High_Yield_Bond_ETF": 79.69000244140625,
    "LIVE_CATTLE_future": 234.5749969482422,
    "GOLD_near_month_future": 5101.10009765625,
    "NATURAL_GAS_future": 3.3350000381469727,
    "PLATINUM_future": 2112.699951171875,
    "SILVER_future": 83.32499694824219,
    "Long_Term_Treasury_ETF": 88.45999908447266,
    "CORN_future": 468.75,
    "SOYBEANS_future": 1216.5,
    "WHEAT_future": 628.25,
    "SP500_close": 6740.02001953125,
    "NASDAQ_close": 22387.6796875,
    "US_10Y_Treasury_Yield": 4.132999897003174,
    "VIX_close": 29.489999771118164,
    "GOLD_basis_spot_vs_near": 0.0,
    "China_10Y_Treasury_Yield": 1.781
  }
}