{
  "latest_date": "2026-03-12",
  "latest_values": {
    "Shanghai_Composite_Index": 4133.43310546875,
    "CSI_300_Index": 4704.5,
    "Shenzhen_Component_Index": 14465.41015625,
    "ALUMINUM_future": 3450.5,
    "BTC_price": 69463.3359375,
    "OIL_price": 92.12999725341797,
    "USD_CNY_exchange_rate": 6.876699924468994,
    "Commodity_Index_ETF": 28.1299991607666,
    "US_Dollar_Index": 99.40599822998047,
    "ETH_price": 2029.97412109375,
    "GOLD_spot_price": 5173.2001953125,
    "LEAN_HOGS_future": 95.19999694824219,
    "COPPER_future": 5.862500190734863,
    "High_Yield_Bond_ETF": 79.86000061035156,
    "LIVE_CATTLE_future": 230.14999389648438,
    "GOLD_near_month_future": 5173.2001953125,
    "NATURAL_GAS_future": 3.249000072479248,
    "PLATINUM_future": 2172.300048828125,
    "SILVER_future": 86.52999877929688,
    "Long_Term_Treasury_ETF": 87.13999938964844,
    "CORN_future": 462.25,
    "SOYBEANS_future": 1219.75,
    "WHEAT_future": 596.75,
    "SP500_close": 6775.7998046875,
    "NASDAQ_close": 22716.130859375,
    "US_10Y_Treasury_Yield": 4.208000183105469,
    "VIX_close": 24.229999542236328,
    "GOLD_basis_spot_vs_near": 0.0,
    "China_10Y_Treasury_Yield": 1.8075
  }
}